nombre;secuencia;SLA
artificial1;ACUGACUGUGAAGGCUGUCCCAUGACGUCCACAUGACGUCCGGGUGCUCCGCGCGGGUCUUGGACAGUUC ;+
artificial2;ACAGCGUGUGAGGGCUAUUCCAUGCCGUCAGAACGACGGCCGGGUCCUACGGGCGGGCCCUGGAUAUGCA;+
artificial3;CCUCAUGGGCUGGGAUCAAACCUUGGGCCAGCCGGGCUUAUGUUCCGUAGCGGAUAUCCCGUCCCCAUGU;+
artificial4;CUCGAUGGGUUAGGACCUAGCUUUGGGCCAAUUCGGCUUAUGCUCCGUCGCGGAUGUCCUGUCCCCAUCU;+
artificial5;AAAUUCUGCGAUUGGACAACCUCUCUAAUAGUCGGUUAGAUGGCCAUCAGAUGGGUUCAGUAGGUAGAGG;+
artificial6;AUUGACCGGGGUUGGGAGACCUCUCCAGGAGUCGCCUGGAUGGGCGGAUGCCGCGCUCAGCAGCCGGUUC;+
artificial7;GCAAGCAAAUUGAUCAGCCCGCGGCCAUUGGGGGAAUGGUACGGUCCCUAGGACGUGAUUGUCUUUGCUC ;+
artificial8;GAAGCCGGCUGGCUGUGACCGCGGCCACCGAUUAGGUGGUACGAGCCUUAGGCUAACAGCUUCGCCGGCG;+
artificial9;CCCUCAUUCCACAGUUAACUGAGUACGUUUAUACAAUGUGGCAUGGAAAUUCCAAGGCUGUCAGGGUGAA ;+
artificial10;CUCUCAUUGCACAGUUAAUCGAGUACCUCCAAACGAGGUGGCGGCGCAAUGCGCAGGCUGUAACGGUGAA;+
artificial11;CAGAGUGUAACGAGUCAUACGCACCCUAGCUGUUCUAGGGACGAGGUCGGGCCUGGACUCGAGUAUACUA;+
artificial12;CCGAGCGUCACGAGUCAAACGGACCCGUGGAUUACACGGGACGAGGUAUGGCCUGGACUCGACGAUGCUA;+
artificial13;UUGGUUUCGGCGUUUCCACGUUCUUGUUAACCGAUAGCAAAGCAGCUACGAGCUUGAAACGAACGAGACG ;+
artificial14;UUAGCCUGGGGCCUUACCCGCAAUUGUCGACAACCGGCAAGGCGCCUUUUAGGCUUAAGGCAGCCAGGCG;+
artificial15;UACAUUUGGGGUUCGAUACGGUCACUAUUACGCGGAUGGUUCCCCCUCUAAGGGUUUGGACAGUCGGAUU;+
artificial16;UAGAAUUGAGGCUUACUACGGUCACUAUGGCGCACAUGGUUCCUCCUCUAAGGAUGUAGGCAGUCAGUUA;+
artificial17;UGGGCGCCCAUAGUUCAAAGCCGGUGUACUAAAUGUACGCAGCGUCAUUAUGAUAGGACUGGAGGGUGUA;+
artificial18;UAGCUAUUUUCAGUCUACACCUUACAAUCUGCGUGGUUGUUGGUCGAAUGUCGAGGGGUUGUUAGAUGGG ;+
artificial19;GCGCAGUAACUUGCGUCUGGUAAUUGUUCAUAUAGGACAAAGCGGUGUCUCGCCGGCGCGGAAUUGCUGA;+
artificial20;GGGCAGGCCGCCGGGUAAGCUGACGGUUCAUUUAGAACUGAGGGGUGUAUCGCCGGCCCGGAAGGCCUGG;+
artificial21;CGAAGCGUGUUCAAUUAUGCAAUAACAGUCCCAAACUGUUUUGAUCCCGUGGGUGAAUUGAUUUAUGUUG;+
artificial22;AAACAGGGCUCCCGACGAACCGUUCCGGCGAUAAGCCGGGUGGGCCCCGGGGGCGGUCGGGCUGCCCUGG;+
artificial23;UUUGGGUAGACAAGGUACUUCUUCGGCAUAAAAAGUGUCGUGAGCUCGGUGGGCAACCUUGGCCUACCCU ;+
artificial24;UUUGGGUAGACAAGGUACUUCUUCGGCAUAAAAAGUGUCGUGAGCUCCGUGGGCAACCUUGGCCUACCCU;+
artificial25;UGGUUGUGUCAGGACUUACGUUGACGAGGAAAGGCCUUGUUGCUUCAGUCUGAAUAGUCCUAUAUGCAAA ;+
artificial26;UCAGAGGGUCGCGCGGUACGCUAGCCGCCAAUAAGGCGGCCGCUCCCAUCGGGAUCCGCGCAUGCCCUCA;+
artificial27;GGACUUCGCGAGUUGUUAAGGCCUGCGCGGUGUGCGCGUAUCCGGACAGCGUCCUACGACUAGGCGAAGC;+
artificial28;GGACUUCGCAGGUUGUUAAGGCCUACGCGGCGAGCGCGUAUCCGGACAGCGUCCUACGACCCGGCGAAGC;+
artificial29;UGGGCCGGAAAAUGUUUCUUAGAAAAGUCCUUCAGAUUUUAUAGAUCAUGGAUCCAAUGUUCGUUCGGCG;+
artificial30;GGGGCCGUCAAGUGUCUUAGAGAGAACCCGUACAGGGUUUAUCGCUCAAGGAGCCGAUACUAGGGCGGCG;+
artificial31;GACGGACGACGACUCAUCCUCCGGCGUCCAAACAGGGCGUAGAGCUGCGCCAGCCUGGGUCACUUGUUCU ;+
artificial32;GCCGGACUCCGACACAUCCGCCGACGUCCAAUCCGGGCGUAGCGCUGUGCCAGCCUGUGUCACGAGUUCU;+
artificial33;AGGCUUUGUCUAUGGACUCGGACGCGUCUCGAUUAGGUGCACCGCGAUAAUCGCAUUCAUGCUAUAAGGA ;+
artificial34;AGACUCUGCUUAUGGCCUUGGACGCUGCUCUAUUAGCAGCACCGCGAUAAUCGCAGCCAUGCUGUAGGGA;+
artificial35;GCAGAUUGAGUCGCCAAUAGCUUUUGUGGAGCUACUACAGUGCCCGAGUCUCGGCUGGCGGUGUCGGUCG ;+
artificial36;UCAGCCUGAGUCUCCCAAAGCUUCAGCGGAAUCCCUGCUGUGCCUGAGUCUCAGCGGGAGGUGUCGGGCG;+
artificial37;GACCUGCUCAGUAUGGAGCCUGAUAGGCCAUGAAGGUCUACGGCCGUGAGAUGGGCCAUAUGAGGGCGGA ;+
artificial38;UAGGUGAUCACUGGGGAGACUGAUGGGUCGAAAAGACCCAAAGCCGCGAAGUGGGCCCCAGGAGGUCGCA;+
artificial39;UUUUUCAUAACCUUCAGUUUGAGGAAUGGCCCUUCUAUUCACAGCCCGGGGGGCAUGGGGGCAUAUGAGU;+
artificial40;AAUUUAGUCACUACUGGCUGGAGGCGCACCCCAAGUGCGCACCGACCCGGGGUCACAGUAGCAGACUAGC;+
artificial41;CGUUUUCCGCUAUCUUUUGGGCAGGCAGAAGACCCGUUGCCUGUUCCUUCUUUAAGGGCUGAUGUACGGAACC ;+
artificial42;CGUAGUUUGGUGACUUUUGGGCCGGCACAAGACACGGUGCCGGUCGCUUCUUUAAGCUCUGUCGUACAAACCC;+
artificial43;AUUAGAGGAGGGGAAAGGGAGAAUAUGGACACGUGCCCAUAUUCUGACCUGUCGGUUUCAUCCCAGUUCUUGG ;+
artificial44;AUAGAACGAGGGUAAAGGGCGAUGAGGGAAACGUGCCCCUCAUCGGACCAGUAGGUUGCAUACCAGUUGUUGA;+
artificial45;ACAGGUGUGGACGCAAUAAAUCUAGGGAUAGGGUCCUUCUUAGAUGGCGUAAACGCCGAAGUGUGGCGCACAG;+
artificial46;UCACGUGAGGACGCAAUAAACCUAGGUAUAGCGUCCUGCCUAGGUGGCCUAAAGGCCGAAGUGUGGCUCACAG;+
artificial47;CUCCGACUGUGGCCGUGAUGCUAGGUAUGGCACAGGGUAUCUAGCUCUCUCGUGGGGGUAGGCUUGUAGUUAC ;+
artificial48;AUCGGACUGUGGCCGUCAUGCUGGGUAGGAGACAAGCUAUCCAGCGCUCUCGUGGGCGUAGGCCUGUAGUCAC;+
artificial49;CGUCGUGGUAGAUCAUCGAGGUUGUCUAAUGAAUCAUAGGUAACUGGGGCGUGCCCUAUAGAUCGAAUUGCUC;+
artificial50;CGUCGUGGGAGAGCAACGAGGUCUAGGAGUGCACCAUCCUGGACCGGGGGAUGCCCUAUAGCUCGGCCCGCUC;+
artificial51;CGGUUUCAAACUAGGAAUUUUGGAAACUUUUCAGUUAGUUUCCAGCAGUUACGACUGGCGCUGGCAUUGAAUG;+
artificial52;UGUUGUCGAACUAGGAAUUGGGUCUACCUUUCAUUUGGUAGACCUCCGCUACGGCGGGAGCUGGAAUCGACUU;+
artificial53;AUUGAGGUUCGUUCGAAAUGUCUUGAUGUGUGCAUCCAUUAAGACGAACAAGCGUUCCAUGAAUAAAACCUAG;+
artificial54;AAUGAGGUCCCCUCGACAAGUCUUUAUGUGCGCAUCCAUGAAGACGAGCAAGCGCUCCAUGAGGAAGACCUAG;+
artificial55;UCUCCCGCAAGUGUCUAGUGACGACUAGUCCAAGCUUUAGUCGUCGUACCCCUGUGCGUUGCAUAAUGCGGCG ;+
artificial56;UCUCCCGGAAGUGGCUAGUGACGACUAGUCCAAGCUUUAGUCGUCGUACCCCUGUGCGUUCCAUAAUCCGGCG;+
artificial57;ACUCGUCCUGAAAUGUUAUAUCGGACUUCAUCAUACAAGUUUGGUUUCAUCAUUGAACUGAUUUAUGGGACUG;+
artificial58;AAUCGCGAGCGAAUGUUACGACGGACUUCACCAUACAAGUUUGUCUUCAUCCUUGAAUUGAUUCAUCUCGCUA;+
artificial59;CAAGGUCUACUUACGGUGAAGGUCUGGAUGUGGCAUUUUAGAUCUGUGGGUCCCCACGGAGUGGUUUGGACUG ;+
artificial60;CUACGCACAUUUACGGUGUUGUUCUGGACGUGGCAUUUUAGAGCAGUGGGUCCCCACGGAGUAGUUUGUGCUG;+
artificial61;GGAGAGUAGUUAUGUCCCUAGUUUGUGUUAUUCGUCAUACAGAUUUCGAACAAUCGGCUUCAUAUCUUGCUCC ;+
artificial62;UUUCCUCGCUUCUGUUAAUGACAGGUGUUCCCCCCCAUACCUGUCUCGCACACGCGGCUUCAGACUGCGAGCC;+
artificial63;GCGCUUCUGCUGUGUCAAAUGUUAUGUCUUGUGAUCGACAUGACAGGUCUAAGGGCUACUCACGAUUAGAAAG;+
artificial64;GCGAGUCUGCGGUGUCAAACGAUAGGCCUUGUCAUCGGCCUGUCGGGUCCAAGGACUACUCACUAAUAGACAG;+
artificial65;GAUAGGGCUUCCGGCACAUGAUUCGGCAUAUCCGUUUGCCGAAUUGAUGAUCUUAUCCUCUCGGUUAGCUCAG ;+
artificial66;AAAAGCGGGUCUUGUAUACGAGGCGGUAUCCCAUUUUACCGCCUCCCUGAAUUUAGGCUCUAAGUUCCCGCAG;+
artificial67;UUUUUCGUUCGGUUGGUGCAGUAUAUACAAAUCUGGGUAUAUAUUUGGGUUCCCCCAUAGAAUCUAAACGGCA ;+
artificial68;UUUUGUGGUCGCUUGACACGGUAGGUGCAAAACGGCGCACCUACCAGGGUUUACCCUUAGAAGCAUACCACCA;+
artificial69;CCCCUCUGUUUCCGACACUCUUUCUUGUUGUAUAACACAAGGAGGGCGGGUACUUGCAGCCGGAUCACGGAUC;+
artificial70;CCACUCUGCUUCCGACACACUAUCGUGCUGUAUAAUGCACGGUGGGCCGGUACUGGCACCCGGAUCGCGGAAC;+
artificial71;ACUAGAGCUAUCGUUAUCACGCGAAGAGUCGGCCAUCUUUUCGCGCUUCCUCCGAAGUGUACGAAGAGCUCGU ;+
artificial72;ACUGGCGCCAUCGCUAUUACGCGGUCAGUCUACCUUCUGACCGCGCUGCUUUUGCAGUGUGCGACGGGCGCGU;+
artificial73;UAGGGCACUGUUACGAAGACAUUAGGACAUAUCAGAGUUCUGGUGCGAGUGAGCUCGACGGUAGUGAGUGCGA ;+
artificial74;UAGGGCACUGUUACGAAGACAUUAGGACAUAUCAGAGUUCUGGUGCGAGUGAGCUCGACGGUAGUGAGUGCGA;+
artificial75;AAAUUGGGUUCCCUCCCACGAGACGGCUGCGAUGUAAGCUGUUUUGACUCUACGGUCUUAGGGGUUGCUCACC ;+
artificial76;AAAUUCGGCUCCGUACCACGCGACGGCUGCGAUGAAAGCUGUUGUGGCUCCAAGGCCUUAGCGGUUGCUGACA;+
artificial77;AUACUGGGAGGGCGAUCUGCGGGUUGGACAUGGUAUUUCAACUCGAAGUGGCUACUUAUACGUUGGUCUUAGC ;+
artificial78;AACUUGGGUCCCUAAUACAUCGACAGGUCGUCAGAUGCCUGUCGAGGUUGAGUAACCACAUAGGCUAUCCAUA ;+
artificial79;UACUCGGGUCCCUAAUACAGCGAGAGGUCGCCCGAAGCCUCUCGCGGUUGAGUAACCACAUAGGCUACCCGUC;+
artificial80;UGGCGGUUGGUCCUUGACAGAUCUUCGUAGGAAGUGACGAAGGUUAGACACUAGUCUACUAGGAGGUGACCCG;+
artificial81;GUUUUAGGUAUUACCAGGCGUACAUGGGUCGGUCUUCCCAUGCACGGUAGCCUGCUACCAUGGUAGCUACCUAGA;+
artificial82;GUUUUAGGCAUUAUCCGACGUUCAUCGGUCGAUCUUCCGAUGCACGGUAGCCUGCUACCAGGAUAGCUGCCUAGA;+
artificial83;AUCAAACCCGUUUGUGAUGCGUUCGCGUAUGGUUUGACGCGAUUGGGAAAAGUUUUUCUGCAUGAAGUGGGUUUG ;+
artificial84;ACGAGGCCCGUUUAUCAUGCCUUCUCCUAUGGUUUGAGGAGAUGGAGGAUAAGUAUCCUAGAUGAAGUGGGCCUC;+
artificial85;CUGCUCAGAGGUCGGGCCGGAGUCUUUAUCGGUCAUUGGAGAAUCGCCAUCGCCAUGGUCCCCGACUUUUUGGGC ;+
artificial86;CCUGAGGCCGUGGGUGAUAGGCGUUUUCUGCCAACUGGGAACUCCGGCUCACGUGGGCUCCGUUUAUCGGUCUUA;+
artificial87;CUCGCGGCUGUGAGUGAUAGCUGAUCUCUGCUUAUUGGGAUCUGCGUCCCAAUUGGGACCCGUUUAUCAGUCGUG;+
artificial88;CGCCUGUCGAAUGUUUCUGGUUGCUCUCCAAAACAUGAGAGUCGCACGGGGUGACUUGUAAAGCGUCUCGACGGG;+
artificial89;CGCCUGUCGCAUGUUUAUGGUUGCUCUCCAAAAAAUGAGAGUCGCACGGGGUGACUUGUAAAGCGUCGCGACGGG;+
artificial90;GGGUGCGUGCUGACCGAUCCGAUGAAACAACCUUGGGUUUCAACGAUUCACCCAUGAAUACGGUUACGCACGUAC ;+
artificial91;AAGCGCGCGCGUAGGGAACGCGCUGACGGAUUAAGACGUCGGGGCCCGGCUCGUGCCGGACCCUGCGGCGCGUGC;+
artificial92;GUACGCUUUUGAAUUCGCCUCGUUUCUUGAUAACCAAAGGGAAGACAGGGAGGUCCCUGAGAGUUCGGGGAGUGU ;+
artificial93;ACGUCGAUUGCUGACGUCGGUUGCAAUGAGUCUUGGCGUUGUGAUACCAGCGCACUGGUCUGUUGGAUGGUCGAU;+
artificial94;UGGUAGGUCCCCCCGCUCGAGUGCAGUCAAUUAAACGACUGUUCUAUAGGGUUACCUGUUGCGGGGCGGACCUGC;+
artificial95;AGCGCCUGUGACUGGCGUGCCUAGCUUACACGCCUUUGAGUUCGGAACAACACCUUGUUAGUUAGUCCAUAGGCG;+
artificial96;AGCGGCUGUAACUGUCAUGCCAUUCUGACACACCUUUUAGGACGGAACUGCACCCAGUUAGAUAGUCUAUAGCCG;+
artificial97;CAGGAGGCAACGGUUGCACGGGCUAGGGACAGUCGCUCUUGGGUUAGCUUUAAUGAGCUCCAACUGAUUGCCUCU;+
artificial98;CGGCAGGCGUCGGAUCCACGGGCUAGGGACAGUAACUCUUGGGUCAGGUUUAAUGAUCUCGAUCUGCACGCCUGU;+
artificial99;GAAAUCCAAGGCUACCAUGGCUUAGAGUUUCCGUGUAUUCUGUGUGUAGAUCGUUUUAUGGGUAGCAUUUGGGUU;+
artificial100;GGAUUCCUCGCCUGGCAUUGCUGACAGUUUCCGUGUAUUGUUUGCGUAUCUCUUGAUACGGUCAGGAUGAGGGGU;+
artificial101;CUCGCGUUUAAGGUUCGGAUUUGCUGUAUAACCCCGGUCGGCAAGCGAUAUUUAUCGAGAACCUGAAAAC;+
artificial102;CUCGCGUGUAAGCCGCAGUUUUGCUAUAUAACCCCGAUUGGCAAGGCACAUUUGUGCAGCGGCUGAACAC;+
artificial103;GACUUAGUUAGCGUCUCAUGGAAUCAUUUUUACCACCCUGGUUCCGACUAAUUGGUUUGGAUGUCGAGCU ;+
artificial104;GUCCGAGUUAGCGCCCUAUGGGACCGAUCACACAACCCCGGUCCCGACUUAUUGGUUUGGGUGUAGAGCU;+
artificial105;AGUUCGAUUCCGCGUGCAAUCUGUUUUGUCGUAAUAUUAAGUAGAAGCUCCUCGGCUACAUGCGCCAAUC;+
artificial106;UGUUCGAUUCCACCUCAACUCCGUUGUAACAGUUUAAUCAGCGGAAGCCCCUAGGCUAGAGGUGCCAAUC;+
artificial107;GGCAAAACUGGGUGAAAGAGGUGGCGGUAAGGGAGAUAUGUCAUCGGUUUUGGAGCCGUUCAUUAAAGUU;+
artificial108;GGAACACCCGGAUGACAGACGCGGCGGAAAAGAAGAGAUGUCGUGGGUUUAAGAACCGGUCAUUAAGGGU;+
artificial109;GGCUAUGCCACUGUUGUUGGUCUCCUAUUAAAAAGCUAAGGAGAUGUCUCCCCGGGCGUAACAGAGGGCA;+
artificial110;GACAAACACAGAGAUGAUGGGCUCCCACAAACAACCUAGGGAGCCGCGUACCCGCGCGUAUCUCAGGUGU;+
artificial111;AUUGUUAGCAAAGAUUAGAGUCAGCGGUGACAUACGUACGUUGAUACUGGGUCCAGUGAAUCUUAAGUUG;+
artificial112;UUUGAUAACAAGGAUGAGAGUCAAGGGAGACAAAGAAACCUUGAUCCUGGAUACAGGGCAUCCUCGGUUG;+
artificial113;UCCCGCUAAGACUUGAAUCAUGUGCUAAUGAGAGGGACGGCACGUGCAGAUGACUGCAUCGGGUAUUUGG ;+
artificial114;UGUCAGGCUGGCGAGGAAUACCUUCCAAUAAUAACAACGGAAGGUGAGCAUUAGCUCGCCUCGUAUGGCC;+
artificial115;CAUGCUGGUCGCGGGCUUUACGCCGCGCUGCGCUUACGGCGGCGUUGUCAGAAGACAUGUUCGCAUACUA;+
artificial116;CAUGCUCCUCGGGGGCUUCGGGGCACGCAGCGGAUAAAGUGCCCCUGUCGAAAGACAUGUUCCCAUAGGA;+
artificial117;UUACGACAACUUGCCGACAUUAGGCUUCCCUCUUUCACAGUUUAAGCUCUUUCGGGCACGGCGAUAUUGU ;+
artificial118;UUCCGGCAUAUUGCAGACUUUAGGCUUCCCUUUUUCAUAGUUUAAGCCCUUUCGGGCACUGCGACAGUGC;+
artificial119;CCCGCAACUCUACCAGUGUAUAGGUAUUUUGGUUCGUCUAUCUAUGUGCAACCGCGCCCUGGUGCUAGUU ;+
artificial120;CCCAUGCCUUUGCCAGAUUUUAGGUGUUUUGUCCCGUCCACCUAAGGCCAACCGGCCCCUGGCACUAGGU;+
artificial121;CGUUAUGCAAUUAAAUGUAACAUAUAAUGGACCCUUGAUAUAUGUGAGGAGACCCUUUGUUUGGAAUGCA ;+
artificial122;ACAUUGAGACCUGGGAACAGGCAGGUACAGCUCAUAACACCUGUCGUUCUGCGGAGCAUUCCAGUAUCUC;+
artificial123;UCGUAGAGACCUGAAAACAGGCAUGUAGAGUUCACAACACAUGUCAUGCAACGGCGUAUUUCAGUAUCUC ;+
artificial124;UUGACCCGUGAUUUUUAGCCUGUUUUUCCCCCCCCCCUAAGACAGACACUGCUGUGUAGAAAGUAGACGG;+
artificial125;UUGACCUGUAAUUUUUACCCUAUUUUCAUCCCGCACAUAAGAUAGACAUUGCAAUGUAGAGAGUUGACGG ;+
artificial126;AUAGUCGAGUGGGAUAUUAGAAUCUGAGAAAUAAUAGGCAGAUUCGGCCAGCUGGUCUUAUCUUUUCUUG;+
artificial127;ACAGCCGAGUGGGAUAUAACAAUCUGAGAAGUAGUAGGCAGAUUGGGUCAGCUGAUCUUAUCUUUUCUUG ;+
artificial128;GUCCUGCGCGGCGGUCAACUGAAAGAUAAUUCCAACCCUCUUUCACGGUCAUAAUCGAGACCGUAAGUGC;+
artificial129;GUCCUGGGCGGCGGUGAAAUGGAAGAUAAUCCCAUGCUUCUUUCACGGUCUUAAUCGACACCGUAAGUUC;+
artificial130;ACCAAGCGGAGCAGACUUAGGCCCGAUUAUUAUUCCGUUCGGGUCAGCUGGGAAGCUCGUCUGUGACCGC;+
artificial131;CCACUGCGGGGCAGACUUGUGCGAUAUUAGCAGUCGAUUAUUGUAACCUAGUAGGGUCGUCUGUGGUCGC ;+
artificial132;AUUAAGUUUUUUGAGUCAGGUAUUGGGGGACAUUGAGGCCAGUACGCCGGAAACGGUUACUCAAUCGAAC;+
artificial133;AUUGAGUUUUUUGUGUCAGGUAUUUUAGCACAUUGAGGAAAGUACGUCGGAAACGAUUACGCAAUUGGAC;+
artificial134;CAUUACGAGAGUUCGGAAAAACCGGUACAAACACACCAGCCGGUUGUGUGACAACGCGCCGGGCGAUUCG;+
artificial135;GAUGAUUAGAGUUCUGAAAAACUGGUAUAAGCACACGGGCCGGUUGUGUGACAACGCGCGGGGCGAUUGA;+
artificial136;CAAAUGGGAACUUCCUCCCCUCGUUGAAACCAUAGCACCGGCGAGACGUAGCUACGUAAGGAAGAAUCUC;+
artificial137;CUAGUUGGAAGGUUAACCCCACGUUUAAUCCAUAGCCCGGGCGUGAUGUAAGUACGUAUUAAUCAAUCUA ;+
artificial138;GAUGAUCAAGAGAAAGACAGGAAUGUAACUCCGCCCCCACGUUCUGUGCUCGUGCACCCUUUCUAGUUGA;+
artificial139;GGCGUUCAAAAGAAAGACAGGAAUGUUACUGCGCCUCCACGUUCUAUGCUCGAGCAUCCUUUCUAGUUGA;+
artificial140;UCUUCGGCGGGUAGAUGAAGCCUGAUAGUGACCCGUGAAUCAGGCGUGCAACCGCAUAAUCUGCAACGCC;+
artificial141;CUAGUUGCGCGCGCCAUUACUUCUGGGGGCCAGGGCCCUCAGAAGGUUGAAUUCGAAGCUUGAGCGCUGUGCAGCC ;+
artificial142;CACGGUGGGCCCGCCAUUAGCGCUGGGGGCUAAGGCCCUCAGUGCGUUGUAUUCCAAACUUGAGCGGUGCCCACCC;+
artificial143;CCGCUAGGGCGGGUGCUGAGGCGCAGUUCUGAAAAGAGCUGCGCCACUGUUAAACGAGUUGCUGCCCAGCCCUGGA;+
artificial144;CCACUGGGGCGACAUCUGAAGGGAAGUUCUAAACAGAGUUUCCCUACUGUUAAACAAGUUGAUUGUUAGCCCCGGA;+
artificial145;CCAGUGGGCGCUGCCUACCUACGCCGGUUGUUUUCAGUCGGCGUAAGCUAUCUCCCGCUAAGCGUAGUCGCCCACA;+
artificial146;CGAAUGGCCCGUAACUCGUUAGAUCAGUUUUUUUGAGUUGAUCUGAGCUAUUUGCCGCUAAGUUUACUGGGCCAUA ;+
artificial147;AGUGGACGGGCGCUCUGUGGCCGGUGGGCCCCCAGGCCCACUGGUGCCUGUAGAUUGGCGAGCAGCGAUCUGUCCC;+
artificial148;AGUUGGCGCGCGCUCUGUAGUGGGUAGGGCCCCAGUCCUACUCAUAUCUGUAGGUUGAUGGGCAGCGAUGUGUUAC ;+
artificial149;ACGGCUUCCUGAGACUAAUCUCACCAGGGCCUGAGCCCUGGUGAGACCGCACUUAAGGUAAGAUCUCUAGGAGGCA;+
artificial150;CCGGGUUUCUGUGGCUACUUUCGGUAGAGCCUGAGCUCUGCUGGAACCGCGCUUAAGGUAAGAUCACGAGGGGCUA;+
artificial151;CCUGCGAGGGGCGUCCGUGCCCCGGAGGACGUUAGUCCUCCGGGGGGGUCUUCUCUCCCGGGUGCGCACCCUCGUG;+
artificial152;CGUCCGAGCGAACUCAGUGCUGACGAAGUGGUAAUGCUUUGUCGGGGAUUCUCUGUUCCGUGUGGUUGCGCUCGGG;+
artificial153;GACCUGCUGUUAGUCGUUUGAUAGUUGGUGGUGGCGCUGACUGUCGUGGAUCCUGACACCCGUACUACAUAGUAGU;+
artificial154;GACCUGAUGUUAGUCGUGUGAUAGGUGGUGGUGGCGCUGUCUGUCGUGGAUCCUGACACCCGUACUAUAUAUUAGU ;+
artificial155;CAAGGGACCCCUGUGCGAAUCCGAGGGUGUGUAGAUACCCUCGGAGCCUGGUCAAUGGCAGCGACAGUGGGUCCCA;+
artificial156;CCCGGGAUGCUCAUGCUUAGGACAAAGUCUUCGCAGACUUUGUUCGCCUCGGGGAUGGUGGUGGUGGCGUGUCCUA ;+
artificial157;UUCGCGAGCCUCUCCCAAUUCCGUCCGGGCGUGGGCCCGGGCGGAGGUUCAUUUAUGCCAGGUGAGACGGCUCGCU;+
artificial158;GCUCCUAUCGGGGUGUCCAUGUUUGUGGAGGUGACUUCACGGAUAGGUUAUUCAAUGCCAGCAACCUAUGGUGGGU ;+
artificial159;UCCCCACCGCCUCGGGCGAGGGCGGUUUCCAGGUGGGAACCGCUCGUAAUUAUAGAUGCACCACGGGUGCGGUGGU;+
artificial160;CACCCACCGGCUCUCGCGAGGACGAUUUCUAGGUAGGAAUCGUUCGUAAUUCUAGAUGCACGAAGGGUCCGGUGGU;+
artificial161;AAGCUACGGUCCAGGCCCGCCCCAUAGUGCGCGGGCAUUAUGGGGAGCCGUCGAAUGCUUGCUCUGGUGCCGUAGG;+
artificial162;AAGCUACACUCUAGGCCCGCUGCAUGGUGCCAGGGCAUUAUGUAGAGACGUGUAUUUCUUGCUCUAGUGGUGUGGG ;+
artificial163;UUCGAUAGAGGCCGCCAUAAGGGCGGCCCGGUCACGGGCUGCCCUGCCAAAAAAAAGGCCGGCCGGCACUCUGUCU;+
artificial164;CGCUUUCGUGAGAGUGCUUAAAACUUCUGUCUAGGCAGAGGUUUUGUUGGAAUAGAAACACACCUCUCCAUGAAGU;+
artificial165;GACCAUGGGAGCCUACAUGGCCGGAGGCUACUACUAGCCUCCGGCGCGGGAUAAAACGCAGUCAGGCAUCCCGUGU;+
artificial166;GGCCAAUGCUGGCUACAUGGACGAUUGAAACGAGUUUCAGUCGUCACGGGUGAGAACGUCGUCAGCUAAGCAUUGU;+
artificial167;CCCACACCCGGGCGCCUUUGGGCGCCGUGGGUUACCAUGGCGCCUGCAUCAAGUAUUGUCGGACGCCUCGGGUGUC;+
artificial168;CCUACGUCCGUGCGACUCUGGGCGCCGUGGAAUACCAUGGUGCUUUCAUAAGGUAUUGACGUCCGCAGCGGAUGUC ;+
artificial169;UGGGCAAGGUUUGAUCGGAGCACCUGGCCCGACCGGGCCAGGUGCGGCUACGAAAUGCCAGACUUAGUACCUUGUA;+
artificial170;UGCGUGAGGUUUGAUCCGAGAGAAUGUCUGUCUCUAGACAUUUUUGGCCCCGCGCUGCCUGACUUAGUACCUCAUA ;+
artificial171;UGGACAAAGACCUGCUGAUUCACCUUUUUCGUAGGAAGAGGGUGACGACUACAUAUUCGGAGAUAGGAUCUUUGUA;+
artificial172;UGAACAAAUACCUGCUGAUUGGUAUUUUUAUUCGUAAGAGUAUCACGUCUACACCAGCGGAGUUAGGAUAUUUGUA ;+
artificial173;AAAGAGGAUGCGGGAGAUCGGAGAGGGGGCUUUUGCUCCCUCUCCUGCCCAUUAUCGCACCUACCCGUCGUCCUCA;+
artificial174;CUACGGGUGUGCGAGGAAUGCAUUGGUGUGUUUUCAUACCAGUGCUGCCGACUUAUGCACCCGUCGCGACGCCUGG ;+
artificial175;GCUGGCGCCUCUCAGUAACCGCCAGUCGGCUGCGGCUGACUGGUGAUGAAACCAACCAUAGCAUGGGUAGGCGCCU;+
artificial176;GCUGGCGGCUCUCAGUACCCGCCGAUUGUUUAGGGAUAAUUGGUGAUGAUACCGGCCAUAGCGUGGGCAGCUGCCU ;+
artificial177;AAACACGGGCCCGGGAAAGGAGGGGGAGCCUCUUGGCUCCCCCUCGGCAAAUGCGCGCCGUCACCGGUGCCCGUGG;+
artificial178;GUACGUGUAUUUGCGACCGGGGUAGAUAGUUCUUAUUAUCUGCCCAGACCAUGAGCUCUGUCUGCAGUGUGUACGG;+
artificial179;AAAGGGGUAGGCGGGCAAAGGGGGCCCUAGGAAGUUAGGGCCCCCGGUUCCAGAUCGCCAGCACCGUGCUACCCCA;+
artificial180;UAAGUGGUACUCGAGUAGCUCGAGUUUGAGAUUGUUCGAGCUCGAGAGUCGCGUUACUCCACAUCGAGGUACCGCA;+
artificial181;GAAGGCCGCCUGAGUGACUGUCCGCAGGAUCUAUAGCCGCCCGGACGCUGAAACCGGCCCAUUUACGGCGGUCA;+
artificial182;CAAUGCUGCGAGUGUGACUGUCCGUAUGACCUAUAGCAACCCGGACGCUGAGCCCGGCCCAUGUUCCGCGGUAG;+
artificial183;GGCUAACUACUAGAGCCAAGCUGGGAAGGAUCGAAACUGCACCAGCGUACCGGAGUGCAGCUCUACGUGGUUGA;+
artificial184;UGCUAAGUAUUCUUCUCAGGCUGGGGGUCGUCGAUUAUGCACCAGCGUACCGGGGUGCAGGAGGAUGUGCUUGA ;+
artificial185;UCAUGCAUGGGUAUGAAAACCUGGGAGCGAAAAAAGGCAGAUCAGGCGGCCAUCGUCGGUUAUACGUCAUGUAC;+
artificial186;CGAUGCAUGGGUUUGAGAAAGUGGGGGAAAAAGAAGUUCGGUCACUCGGCCAUCGUCGGUUAAACGUCAUGUAC ;+
artificial187;CUCCCUUUGCUCAUUGGUUCGUAGGCGCCAAAGUCAGCUAACUACGCAGAUCCCUCUGACAAUGGUGCGAAGGA;+
artificial188;CUCGGUUUACUCAUUGGUUUGUAGGCGCCAGAGUCAGCUAACUACAUAGAUCCGUCUAGUAAUGGUGUGAACUA ;+
artificial189;AUUUGUGGCUCUCGACAAUUAUGAUAGCAACAAUAAGCGACUCGUGCGGGCCUUCCCGAGUCGGGCAGUCACAU;+
artificial190;AUUUGUGGCUCGCGAUGAUUUUGAUACCAACACGACGGGACUCGGGCGGACCUCUCCGAAUCGCGCAGUCACAU ;+
artificial191;UUUCAUUUUGGGAGCCAAAGGUGACAGCAUAAAAGAGUAUCUCACCGCCCGAAGGGGCAGGUUCCUCAAGAUGU;+
artificial192;UUACAUUCUUGUAGGCAAGGUUGACAGCACAAGAUGGUAUCUCAGCGUAGGAUGUUACAGCUUACGGGGGAUGU ;+
artificial193;UUGUCCAUUCUCUCUUGUAGAGUCCAGCCCCAAAUAGCGAAGGCUCCCGCGCGAGCGGUGAGAGGCGGGUGGAA;+
artificial194;UUGUCCAUUCUCGCUUGUAAAAUCCAGCCCCAAUUAGCGAAGGUUUCCGCGCGAGCGGUGAGCGGUGGGUGGAA;+
artificial195;CUAGCGACCCCUUCCCAAAUGUUCUUCAUCUUUCUUUGUCUGAGCAGUGGCGCCCCGCGGGGAGGCGGGUCGCA;+
artificial196;GUAGCCACUCUUUCCUAUAUGUUCUUCACCUAUCUAUGUCCGAGCAGUGCGGCUGCGCGAGGAGAGGAGUGGCA ;+
artificial197;GUAGAAGUCGUGAUGAAAAGAGAACGACUGGACCACGUGAAUUCUCCGAAUAAUUUUGCUUAUCGUCGAUUUCC ;+
artificial198;AUAGAAGUCGUGUUGAAAAGGGAACAACUAGUCCACGUGAAUUCCCCAAGUAAUCUUGCUUAGCGUCGAUUUCG;+
artificial199;AGGGUUAGAUGCCUGCAACGGAGCGUGCUUUUUUUUGCUUAGCUCCCUGGGUAACCAGAGCAGGCGGUCUGGCA;+
artificial200;ACAUUGGCAUGAGUUAGUCUUGGGGUGACUUUCUAAUCUGACCCGAAUCGGAUCCGAUAUGACUCGGUGUUGAG ;+
artificial201;GAACCGGUGCCCAGUCACCCCAGGGGCGUCUCUUGACCCCCUGGACGAACCCGUAGAUCUGGCGCGCCGGG;+
artificial202;CGGCCCGUUUCAAGUUGCCCAAUGACCAUUUUCGAAUGUCAUUGACUCCACAGUUGAUCUUGCGAGCGGGG ;+
artificial203;AAGCUACUCAGUGGCCGCAACCCUAAGUCUGAAAAGGUUAGGGUGGGAAACCCCAGGAUCGCAUGAGUGGA;+
artificial204;GCGUUUUGUAAUGGCCGCAACGCGAAGUCGGUAAUGGUUUGCGUGGAAAAAUCCAGGAUCGUGUAUAAGGG ;+
artificial205;GAGCUGAACACCUCGCAGUGUUGCGGUCGAGUAAUCGUUGCGACUGGAUUUCCGAGCAGAGGCUGUUCAGG;+
artificial206;GAGGUGACCACUUCGGAGUGUUGCGGUCGAGAGCUCGUUGCGACUGGGUUUCCGGCCAGAAGCUGGUCAUG;+
artificial207;GUAGGCCCGAUACAGCAGAGGUUAGGCACUGAGCAGUCCUGACCCCGGAUACGGCGCAUGUGCUCGGGCCG;+
artificial208;GUGACUACCUUUCCGUAGCGGUUAAACACUGGGCAGUUUUGACCCCGGAUUCGGGACAGGAGCAGGUGGUA ;+
artificial209;AAGGCCGCAUCUUGGAUUUGUGAGCGAUGUAUAAACACGCUCAUGGGUAAUCCCUUCGCAAGUGUGCGGUG;+
artificial210;GAAGCUACAUGAGGGAUUUAUGACCGCUGUAUGUACACGGUCAUCUGUAGUCGGUUCGCUUCUGUGUAGUG;+
artificial211;UAAGUACUGCCGCGAGAAUUAGUGCACGGGGAGACCCUGCGCUGGCCCCAGGGUACUGCGCGAGUGGUACC;+
artificial212;UAAGUACUGCCGUGAGAAAUAGGGUACGGGGAGACCCUGCUCUGGCCCCAGGGUACUGCGCGAGUGGUACC;+
artificial213;CUGGUCCCGCCACGUCUAUCCGCUAGUGCGGAAACGCCUAGCGGGGCCGUAGCCUGAUCGUGUGCGGGAUA;+
artificial214;UCGUUGUCGUCAUGACUAUCCGUAACUACAGCACUGUGUUACGGGGGCGUGCCCUGUCCGUGUAUGGUAGA ;+
artificial215;AACCAGUCCGUGAGUCCCGCCCAUGGUGACUUGUGUCCCGUGGGGCUUGUUAGCAGAUCUCAGUGGACUGC;+
artificial216;AACCACUUAGUGCGUCCCUCGCAUGGUGAUGAGUGUUCCGUGUGGCAUGUGUGCAGAUCGCAGCUGAGUGC;+
artificial217;UGUUAUACCGCUGUGCUCCGUAUGGGCGGCAAAAGCCCCCAUACCUGUUUUCAGUGCUACAGUCGGUGUAU;+
artificial218;UGUGAUUUAACGGUCCUCCCUCUGGUCGCCACCCGGCAUCGGAGCAGACUACUGUGGUGCUGUUUGAGUUU ;+
artificial219;AAACAGAGUUGACGCUGAACCCGGAAUGCCUAUUGGCUUCCGGGGCCGUAAGGCGAGUCGUCUGAUUCUGG;+
artificial220;UACUACAGUUGACGCUGAAGCAGGGUUGCUAACUAGCAUCUUGCGCUGUUGAGCGAGCCGUCGGAUUGUGC ;+
artificial221;ACAGGGAGCGCGAGCGGAAACCCAGUGGCAAGUACGUCAGAGGGUGGAGUCAGACUCCGAGGUUCGAAGC;+
artificial222;ACAGGGAGCGAGAGCGGUAAGCCAGUGGUAGGUACAUCAGAGGCUAGAGUCAGACUCUGGGGUUCUAAGC ;+
artificial223;CGCAUGGGCAGUCCGAGUUGCACGACCACGAUAAGGUGGGAGUGCCCCUCUAAGAGGGCAACGGAUGAGC;+
artificial224;CGCGUGGUGGGUUCAAGUUUCAGAAGCAGGAUUAGUUGUAACUGACCGUAUAGUACGGCGGUGAAUCGCA;+
artificial225;UAAGCAACCAUCUGCACGACUCGGCCUGUGAAUGAGCAGAACGGGGGUUCAAAGAACUAAAGCAGACCGG;+
artificial226;GUAGCGACCCUCUCAUCGACUCGGCAUGUUCCUGCGCAUAACGGGGGUUGGUUCAACUUUCUGAGACAGG ;+
artificial227;AAUAAUCGCGGUCUGCGUAAGGAUUCGUCAAUUUCGGCGUCUCCUGUCUCAAAGAGGCCAACAGAUAAGC;+
artificial228;UUUUCUCUCGCUAUACGUAAGCAUUCAUGAUUUUCCGUGUCUGCUCUCUUGAUAAGGGCAAUAUAGAUGA;+
artificial229;AAAAGUGGCGUCCUCAAACGCGGAGCUGUUCCUUUAUAGAGCCGCCCUGCAGAGCAGGAAAGAGGAAAGC;+
artificial230;AGCUCGCAACGUCCAUAAUUCCGAGGGGGCCGUUUUCCCAGCGGAUUAGCGUAGCUGAUAUUGGAUAGUU;+
artificial231;AAUUCAAGCAGUGCCUCAUGUUCUUGUGCGUAUAAGCACUUGAACGGGAGAUACUCCCACCGGCACCGGC;+
artificial232;UGCGGGAUUCACGCCUCAUCGUAUCCAGAAUAGAGUCUGUUUACGGGUCUAUUGGGCCGCCGGUGUAGGA;+
artificial233;GAUUAUACCUCAGAUUACGACCGUGCGACGAAUAAGUCGAUCGGUGCGCUCAAGGCGCUAUGUCUGUUGG;+
artificial234;GCUGUGGCCUUAGAUGAAAACCGUGAAAGACAUAACUUUGUCGGUCAGAAUAGUUCUGUAUGUCUGUUGG;+
artificial235;GAUUGAAGCUCGCCUACGUGCCCUAGGUGUUGACUCACCGUGGGCCCGUGACCCACGGAGAAGGCGUUGC;+
artificial236;GAUUGGAUCUCGUCUACACGACUCGGGUGCAGCAUCACCGUGGUCUCGUGGCCCGCGAAGGAGACGUUGA ;+
artificial237;AAGAGAAGGGGAUGUAAUGGCCAGUAUUCCCAUUUGAAUCGUGGCGCGGAGUUUCCGCAAAACAUCGGCC;+
artificial238;CGGUGGAGGGUAUGUUUUGGCCAGAAUUGCCAGCCUAAUCGUGGCAUUGAGUAUCAAUACAACAUAAGCC ;+
artificial239;AACACUUCCUCUGGCCAUUGGCUAAGACCAUUUACGGUCAGAGCCUCCGCAUCGUGGAUACGUCAGUUGG;+
artificial240;GGCACACACUCUGGACAUUAUAUAAGGCGAUUUACCGUUACAUAUUACUUAUCAAGUACAAUUCGGUAGU ;+
artificial241;AUUACGAGUAGGUGCCUUUCGUGGGGACCGGUCAUCUGGCCCCAUACCUAGCCGUAGGUUGGUACCAGGCUCG;+
artificial242;AUCUAUAAUAGGGGUGUGUGUUUGUAUGCGGUCCUCUGCUGCGAGUACUAGCCGUAGUGUCAUCCCAGGUUAU ;+
artificial243;UCACGUUGAGAUACGGGUGGUUUGGUACAUGUUGUUAUGGCUGAAGGGAGUUGGCUUUUACCGUGUGAUCGAC ;+
artificial244;UCCUAGUAGUUCAAACAAGUGUCCGGCUAUCCAAGGGUACCGGACUCUCCUCCGGGAGAAGUUUGAUUUUACU;+
artificial245;CACUAGUAGUUGCGAGUUGUAUCGUGGCUUCCCAGGGAGCACGGUUCACCUGUGGGUGACCUUGCACGUUACU ;+
artificial246;UAUCGAGGCUUCAGGUACGUGGGGAUGAUCUAGGGAGAUGUCCUCGUCCGUCUACGGACAAUCUGGCUGCCUC;+
artificial247;UACCGAACGUUCUGGUACGUGGGGUUGACCUCGGGGGGUGACCUCGUGCGUAUACGUGCAAUCAGGCUCGUUC ;+
artificial248;CAUCGGGCGCAUGAUUAUUUCUUAGCACGUCGCAAGACGGUUGAGGUUCCUGGCGGAAUAGAUCAUAACGUCC;+
artificial249;CAUCGGGUUCGUGAUUCUCUCGUUGCACGUGGCCUCGCGGUAGUGGUUCCUUGCGGAAUUGAUCACAAAAUUC ;+
artificial250;CUUUGCUAGCUACCGUAGGCCAUUACGCGCCGGAAGGCGGUAGUGAAACCAGGCGGUUUAACGGUAAUCUAGU;+
artificial251;CAUUGAUAGCUACCGUAGGCCAUUACGCGCUGGAAAGUGGUAGUGAAACGAGGCUGUUUAACGGUAAUCUAUU;+
artificial252;UUCGGUUGCAUGUCAGCAUCGUAGUAUGCCUGAUAAGGCUAUUGCCCCUGUGUGUAGGGACUGACAACGUAAU;+
artificial253;UUCGGUGGCAUGUCCACCUGCGGUAUUGCUUGAUAAAGUAUGCCGACCUGUAUGUAGGUAUGGACAGCGUUAU ;+
artificial254;UUUCGCUCGUGCGUGGCAAACAUUUGCUCUAGACAUAGACAGAUGCGGUCUCUUGACCGACCACGCCCUGAGC;+
artificial255;UAACGCUUGCAGCUACCAAUUAAUAGGUCUUUACGGAGAUUGUUAGGGUUUUCAAGCCUUGUAGUUCCUAAGU ;+
artificial256;CACCAACUACGUGCAUGAGGGCGCGGAGAGGAGUCCCUCCCGUGCGUCGAGUUGUCGAUAAUGCACUCUAGUU;+
artificial257;CACCGGCUGCUUGUAUAGGAGCGCGGCGAGGGGUCCCUCCCGUGCAUCGUCGUGGCGAUAAUACGAUCUAGUU;+
artificial258;UGUACUCGUCGCUGGCGUUAUAGGGUACUGCACACGUAGGCCCUGGGCGGGAUACCGUCGGCCGGUAAGCGAG;+
artificial259;CUACCUCGUCGCUGCAGUAAUCUGCUACUGGGCACCUAGGGCAGGCGCCAGUUUUGGUGGUGUGGUAAGCGAG ;+
artificial260;UGUGUGCACCCGGUGUCUUUGACUAGCUCAGGCGACUGACUAGUCUCCUCAAAUGAGGAUACACUGCAGUGUA;+
artificial261;UGCGAGGAUCCGGUGUCGUUAGCAAGCAAAGGCGUCUUUCUUGUUUCCUCAUAUGAGGAUGCACUGUAGUCUU ;+
artificial262;AAACGGUCCAGUGCCCAUAUGGGAGCACCCGGAAGUGGGGUUUUCGCAGAAUUAUCUGCAGGGCACACGGAUC;+
artificial263;GAACCGUACGAGUAUUAUCUGGUCGCGCCCGGAAGUGGGGUGGUCUCGGAAGUAUCCGAAAAUAUUACGUGUG ;+
artificial264;AGAACCUGUCUGGUGCAUUUCAUAGAGUGGGCCGUCCCGUCUAUGGCCCCGAUCGGGGCAGCGUCAUUACGGG;+
artificial265;AGAUCCUAUCUGGUGUAUUUCAUAGUGUGGUCCGUGCCGGCUAUGGGCUCGAUCGGGCCGGCGUCAAUAUGGG;+
artificial266;ACGUGGGGCCGUCGGCAUAAGCUGAACUGCACCUUUGUAUUUGGCGUCGAAUAGUCGGCAGCCGACCAGCUCC;+
artificial267;AGAGCACGGCUUCGACCGAACGUGGUCAACCCUGCGGUUACCACGCAUGUGCGGGCAUGAGUCGGACACCGUG;+
artificial268;AGAGCAAGGCUUCGACCGAACGUUGUUAACCCUGCGGUUACAACGCAUGUGGGGGCAUGAGUCGGACCCCUUG ;+
artificial269;UAUGAGUGAGAAAGUGCCUUCGAGGGAGCGCUAUCGUGCCCCUCGGCACCGAUGGGUGCAUACUUUAAUUGCU;+
artificial270;UCUGAGAGACAACGGGCCGUUGAUGAAUGGGCGUCCUCGUCAUCAGGACUGGCUGGUCCAUUCGUUGGUUUCU ;+
artificial271;UGGACCCACACCAUCCACACGGUACAUGGAUCAACGUUCUGUAUCCAGCCCAGCGGCUGAGGAUGGACGUGGG;+
artificial272;GGGCCCCAGACCUUUCACACGGUAGAAGGAUCACCGUUCUCUAUCCCGUCCAGCGGCGGCGGAGGGACCUGGG ;+
artificial273;CGUACUAGCAACACCCAUCACCGUGGUGUUAUGAUUGGCCCGCGGACGUUAAUUGGCGUAGGGUGUAAGCUGG;+
artificial274;CUGGCUAAGAAGGGGACUUACCGUGUUGGUCUCCUGGUCACGCGGACUUUAAAUGGAGUAUCCUCUCACUUGG ;+
artificial275;CAAAGGGUCAAUAUACUAUAGGAGUACACGACCGUUCGUUACUUCCAUCCGCUGGGAUGUGUGUAUGGGAUUC;+
artificial276;CAAAGGGUUGAUAUAAUAUAGGAGUACACGACCGUUCGUUACUUCCGACAGCUGUGUUGUUUGUAUGAGAUUC ;+
artificial277;AUAACCGCUGGUCACGGUGAUCACGGUGCCGAGGUCGGCUCGUGACGUUUGGGGGAGCGACGUGACAAAGCGG;+
artificial278;AUAACCGCUGGUCACGGUGAUCACGGUGCCGAGGUCGGCUCGUGACGUUUGGGGGAGCGACGUGACAAAGCGG;+
artificial279;GUACAUGACUCAUAUUAAGAUAACACACAGUUGACGCUGGUGUUAGGUAUUAAAGUACCAGAUAUGCUGUUAU;+
artificial280;GUACAUGACUCAUAUUAAGAUAACACAGAGUUGACGCUCGUGUUGGUCAUUUAGGUGACAGAUAUGCUGUUAU ;+
artificial281;CAGCGAAUAUGUUGCGCCGAGACUGUGCCAUGUGGAUGGAUAGUUCCCCCUCGAGGGGGACGUAGCUCUGUUU ;+
artificial282;CACCGAGUGUGUCGCGCCGAGCCUGUGCCAUGUAGAUGGAUAGGUCCGCCUCGAGGCGGACGUGGCUCCACUC;+
artificial283;AGCAACGGUGUGAUCAUAUGGUUAGCCACGGGGAGCCGUGCUAACGUACAUUUCUGUGCUUGGUUGAAAUCGU;+
artificial284;UAUGACGGUGCGCUCAUUUAGCGGGCUACGCGGAAGCGUGCCCGCGGCCAUUUCUGGCCUUGGGCGAGACCGU;+
artificial285;AGCAUUGUAUCUCGGUUGGUAUCCGUUGUUAAGGUUAAUAUGGGUUCGAUCCACGUCGAUACCGAGCUUACGA ;+
artificial286;AGCAGAGUAUCUCGCCUGGUAUACGCUGUGCUGUUGCAUGUGUGUUCUGUCCACGCAGAUGGCGAGCUUACUC;+
artificial287;UGCGUAUUUUUGAUGGAUUACUACUUGCAGGCACCCCUGGGGUAGAGCAUAUCUAUGUUACUGUCAUUGGAUG ;+
artificial288;UGCAUAUGUUUGAGAGAAUACUACGUGCCGGAACUCCGGGCGUAGGGGAGAUCUCUCUCGCUCUCACUGCAUG;+
artificial289;UUACGAUAUCGGUUGUUAUAGGAUUUCAGUUCUAGAACUAAAUCUCGGCCAGACGGUUGUGCGGCCUAGUAUC;+
artificial290;UUACGGGAUCAGAUGUUAUUGGGUUUCGGGUCUAGAUCCAAACCUCCGCCAGACGGUGGUGCAUCUUAGUCCC;+
artificial291;CAAGUGCUUUGUUCAAACGUUAUUUGCUAGCCCUGGUUACGGAUAGUACUACUUAGUACAUUGAAUCUAGGCA ;+
artificial292;CAGGUGUUAUGUUCAUACCUGCUCUGCGGACCAAGGUCCCGGAGCGUCCCAAUUGGGACCAUGAACUUUGACA;+
artificial293;GACCAUAGGACGGGGGGAAUUCGAGAGUAGUUCAGACUAUCUCGAUGGAGAACUUUCUAGCCUCCGGACCUGU ;+
artificial294;UGCCGUACGACAGCGGGAUUUCGAGACUAGUUCUUACUAUCUCGAUGGUGACCUUACUAACCGCUGAACGUGC;+
artificial295;ACCGCUCUACUUUCUUCGUGGUCCGGCGGGUUGAGACCCUUGGGCGUUGGGAACCCGAUUAAGAGAUAUGGAG;+
artificial296;ACCGCUCUACUCUCUUCAUUGUCCGGCGGGUUGAGACCCUUGGGCGUUGGGAUACCGACUAAGAGACAUAGAG;+
artificial297;AAUAGUUCGAGUAGAGCUAUUGCGGGAUCCGCAGGCGGGCCUGUACUCAGAUUACUGAGCCUCUGCACCGAAC;+
artificial298;AAUAGUUCGAGUAGAGCUAUUGCGGGAUCCGCAGGCGGGCCUGUACUCAGAUUACUGAGCCUCUGCACCGAAC;+
artificial299;UGAUGCAGACGUCCUGAGGCAAUUACCUUGCCGAAGCAAGUGAUUUUCUGUGCGCAGGGGCAGGACCAUCUGC ;+
artificial300;UGAGCCAGACCUCCUGAGGCGGUUACAUGCCGGAGGGCAGUGACUUUGUCUGCGGACGAGCAGGAGCAUCUGG;+
negativo1;AAAATTTTTCCCAATACTCCACCATGATGACCAGAAATATAGTTGGCATTGACAATTTTTGACAGTCTCTGCA;-
negativo2;GCCTCACCTTGCGGGTCACGGTGCACTGCTGAGTCATGTCCTGGATGAGGGCTATGAGCTGCTGCTGAGCCCT;-
negativo3;GCGCCATGCCCAGCACCCTGACGGAACACGTGACCGAGGACACAGGTGCAGGGGGAGGCAGGGGACTAAGACC;-
negativo4;CTTTCTCTTAGCCAGTGATGTGGAATTCAAGCCACAAGGGACATTTTACTTTGGAAAACACTGCCTTCCAGGA;-
negativo5;TCCTGACCTCGTGATCCGCCCGCCTAGGCCTCCCAAAGTGCTGGGATTACAGGCGTGAGCCACCGCGCCCGGC;-
negativo6;CACCTCCAGTTCTTCTGAAAGTGTGACAGTGTCCAGCCGGTTCTGCAGCACTAGGGGAGGGGGCAGATGGTGG;-
negativo7;ACACTTTAATATACCATGGTTTATGGACCTGACATGGTTGGTATAAACCAACAGGACGCACAGTTAAGAAGTT;-
negativo8;TTCACATCCAATAAATCAAACCGATGACCAACAATATGGTGGAAAAGCAGAACCAAACAATAAAATTACACTT;-
negativo9;GTTCTGCTTTTGCCCTTTGCCTTGTGATCTTTGTTGGACCCTTATAGGTAGTTCTGCTTTTTGCCCTTTGAAG;-
negativo10;CGGTGCCCAACACCCAGTTCTCACTCTGTCATCCAGGCTGGTGTGCAGTGGTGCAATGTGGGCTTACTGCAGC;-
negativo11;ACATACAATACAAACACTTTAAATAAAGTTGAAGATCATCTCCATGGACCAGGTGGTCAAGCCGAACACCCAG;-
negativo12;TATGAGAACAAAGAAGACTGTGGAGAAATTTTAGGCAGTAGAAGAGAGCAGAAAGGCCAAGAGGATCAGGGTT;-
negativo13;CTTCCGCTGGACTTTAACAAGCAAGCACATGACGGGCTTCATCAGTCCTGGACGAGAAAGCTGAGATGAAAAT;-
negativo14;TGATCCTACAGATTTGCTTGTCATCTCTGCCATTGAGTCATGCTAGCCCCATTACTAGGCTGCAGAAATCTGT;-
negativo15;CTGTTCAGTGGCAGCTTAGGCCCTCTCTCCTTGGAAGGGTATATCAATTTTCACAGTTTGTGGCTCTGCCATT;-
negativo16;TAAGACATCATCTCCAGAAAACTGTGCTAGTTGGCATCCAGCAGTGCCCAAGTATTATTTAACCCACTAGAAC;-
negativo17;AATATTATGTGATTCACTTACAAAAGGTGGAAGTGGCTGAAATTTCTCTATCACCTCTGTGAAACCTATCAGA;-
negativo18;AAAAAGTGCACATTAATTCAAGACACATCTCACACTTCCCAATATGTGATTTATGGTTTAAAATATTCGTTGC;-
negativo19;ACTATGGACAGATGAATAAACAAAATGTGGTATATACATAGAGCGGAATATTATTCAGTCTTAAAAAGAAATG;-
negativo20;ACATTTTTTTTTTTTGCAAAATCCACAGCAATAGTAGGTGTCACACGTGTCTACATATCTCTGCATTATTCTG;-
negativo21;TGAAAAATAAACAATTTCTGGGCTGAGTCACTGAGACTTGTTTATCTGTTCCAGCTGCTGGAGCTACCTTCAC;-
negativo22;TATTTGAAACTTAAGTTGCTATTACGAGCGTTTCAATGGTGATGATGATGATGAATATAAGTTTAAAATAAAA;-
negativo23;ATTAACTTATCATTAAGACAGCTGTAGTTAAATCAATAATAAAACCTTAATTTATATCAACTGATACATGTTA;-
negativo24;GGCTCAAAAATGCTCACTAACTGCCCAATACTGAGTAAATCACTTCTTTTTCCTAAGTCTTAGTTTCCTCATC;-
negativo25;AAGGATAAGATCTGCTTTTAATTAATTTTTGTATACGGTATGGGATAGGGACCAAAGTTCATTTTTTTGCATG;-
negativo26;TATTTCTATACAGTGAAAAATCAATAATGGTAATTGGAATCTCTGTCTCCCTCAGCCCTGATTTATCCTTCCT;-
negativo27;TGGAACTCCCAACCTCAGGTGATCCACCCGCCTTGGCCTCCCAAAGTGCTGGGATTACAGGCGTGAGCCACTG;-
negativo28;GAATGGAGAAACTAAACATTTATTACTGAATAATAACATTAATAAACCATCTTAATGATAGTAATAATAAACA;-
negativo29;AGGGGATAACTTAAAACTATTGGTATTTACTTAGTTGGAACATTATTTTACTTATTTATTTTTTTGGCGATAG;-
negativo30;TACTTTTTGTTTCCCCCAGGTTTACAAAGGTGTAACTGACATTTCAACGTTGCAGGCATTCGTAGCGCACACC;-
negativo31;GAAAAAAAGAAGTTCCAAACTTCTTCTGAGTCCTCCAAACTCTTCCAAACCTCTGCCCGTTATTCAGTTTCAA;-
negativo32;GCGCAGATCTCGATCCCAAACTCCCTCCTGCCAGAATCTGGACCCGAATCCACCCATTGCCCGTTTTCCGCTG;-
negativo33;ATGAAACACGCCTACAGTTTTACAGTGACAGAGCCAAAGCTTTTTCTGTTATCGTTTGCGTAGCCCTTGGGGA;-
negativo34;TCTGCTGAATTGGGGCCTTAGTGGGAGACATCTGTTGGTGTATCAACCCAGCAAATCTGGTAGAAGCTACCAC;-
negativo35;ATTATAATTTTAATTAAAATATATTAAAGTCACTATGTCATAACAGACTTTATATTGTGCCATGCAGTCCTAT;-
negativo36;ATTGTTTCTTTTTCTTCTTGTTTCTTTCCACTGAGTTATGTGTGAGCCCCCACACCCACCCTACCTTCCTGTC;-
negativo37;AAGTTTAACTAAGCTATACTAACCCCAGGGTTGGTCAATTTCGTGCCAGCCACCGCGGTCACACGATTAACCC;-
negativo38;GAAAATAGAGCTCCTGAGAACCTGCCTGATGGAGAGTGCAACATAGAGAAAAGCAGAACGAAGACACAGAGAG;-
negativo39;ACAAGAACCACAGGCTTCTTCAGGCTCTAGCCTGATTTTCTGGCTCATAAGGCCAAAGGGAGCTGGAAAGGTC;-
negativo40;ATCAGTACAGGAGTTTTGACCTGCTCCATTTCTGATCTAGGCTGGTTCACCAGGCAACCTGGTGGTTCCCTGC;-
negativo41;GAAAATGAAATACCACGAGAAGTGATTGGCTTCAATATTCCAGCTACCCCAGCACAGGAACAAGATCATGAGA;-
negativo42;TAATGAAGGGGACTCCCAGCAGAGCCCAGGCCAGCAGAGCCCGCTTCCGGTGGAGCCCGAGCAGGGCCCCGCT;-
negativo43;TGACAAGAGTTATCTGGGTTTGAGTGGAAGCTCTGAATTCTGAAAATGGGAAGGGTGTATTAGCAGAAAAGGA;-
negativo44;CGGGGTAGAAGATGTTGAACTTGTATCCCTGCACGATCTTGGGCGGTGGGTTGTCAAAGTCGTAGTGCGTCTG;-
negativo45;TCCAAAACTCAAAGATCTACCCTTCTTCAAAGATAAATTTAATAATCACTGGCAGAATTAAAACAGATTGTTC;-
negativo46;CTTGGGGCTTGCCAAATAGCCAGCAATGTGACCTTAACTTGGTCAGTTGACATCTCTGGTCTTAAGTTTCCTA;-
negativo47;GGGTCTCTGCCGAACGGCACAGATCATTCTCAGGCCCTTACAACCATCCGGGTCACTCTAGAATTCCTTTTAG;-
negativo48;AGCCCTGCTCAACTCTCATTTGCTGTGTATTTCTTGTCTACATTGAATCTGGACTTGGCCAGTGGGACTTTGG;-
negativo49;GGATTGCTGAATTTGTATCCATTTTCTTCTCTCCTATCTCAATTGGGTGGGTGAAATGATACTGTTAATTATT;-
negativo50;GGAAATTAAGGGCACACTGGTGGACTGATGAGGTACTACATGACTCTGTTAACTAAGGGCTTGGAGTCAATAT;-
negativo51;AGATCTAGGAGCTGTCCAAGTGGTTCCAGTGTCTGGAGGCGCTGTTCCAGGCCTCCTTCCTGGGTATGGAATC;-
negativo52;AACCTGTTGATTTACAGGAATAGGAACTGTTGCATCGTTTGAAATTTACTTTTTTTTGTTAGATACACGAAAA;-
negativo53;AATAATTGCTATGGTCTTGGTCCGAGATATAATAGGCAACCAGGTTTTCAGCTCCTGGAAAAGAGCCATGAGA;-
negativo54;GCACCCCTCCATGGATGCGCGAGGAACGAGTGTGGCGAAGGCTGCGAGTTCCCACGGGGTCCTTGGCCCGGTA;-
negativo55;TTGCTGTGTTGCATCCCCAGCACCTAGTCTGGTATGTGGCATTCAGCATATGTTTATTGAATGAATGGCCATG;-
negativo56;CAGTGCAGGTGAAGGTCTCCCCATGGTTCCATGGCTGGGCACAGCCAGGCAGGACACTGGACACGCTGTAGCA;-
negativo57;GACAGCTTGGGAGACTCACACAGGCTAGTGAATTTCAGGAATTAACAGAAACTGAACAGCTTCTATAATCCTG;-
negativo58;AGAATCATTCTTTTGGAGACAAGACTGAAAAGGCTTCCCTGGCTGGTCTGAGCAGGACGTTCTAAGGGTCGCT;-
negativo59;CAGGGGAATGATGCAATTGGATACACATGTCAGGGGGAACATGACTGCTTGTGGCAAGGAACGCAGTAAGCCT;-
negativo60;GGTGTCTGACTCACTCCTCCTGCTACCAAAGCATCTCCTTCATCAGCCACTTGTCGGGCGATGTCGCAAGCAG;-
negativo61;GAGACAGGGTCTCACTATGTTGACCAGGTGTAGTGACACGTGTCTGCAGCTCCAGCTACGTGGGAGGCTGAGA;-
negativo62;TTATGCAGCCAAAAAACACATGAAAAAATGCTCACCATCACTGGCCATCAGAGAAATGCAAATCAAAACCACA;-
negativo63;CTCACCCAAAGAAAGTAGACATTACCACAAGGAAGACTTACATATCTAAGGTCAATTCAGATAGCATGCATAC;-
negativo64;ATGCTCAGCTCATCCCCACTGCTGCCCGGAGCAGTCAGCAATTCTGTACCCTCCCAAGCAGGGCCCGAGCAGC;-
negativo65;TGTAGTCCAGTCACTCGGGAGGCTGAGGCGGGAGGATCACTTGAGCCCAGGAGTTCTGGGCTGTAGTGTGCTA;-
negativo66;CTCTGTGATCCAGCAGTTCCACTCCTAGGCTGTCAACACCCAGCAGAAATGTGTAGGTGTGAGCATCAAGAGG;-
negativo67;ATTTTCAAAACAACATTGTATCTGTAATCACAGTGCTTCTGAAAAAAAATGAGAGCAAAAGTTTTTTTACTGT;-
negativo68;CTGCTGACCTTCTATCCACTATTATCCTATGACCCTGCCACATACCCCTCTCCGAGAAACACCCAAGAATGAT;-
negativo69;CTGGTTCTTGGGAAAGGAGGTTCTGAAGCAGGGGAAGGGGTTAAGAAGGGATATCACTCTGTGGGAGTAGCAA;-
negativo70;AATGGACCGGACGCATTCCCCCCCCCTCCCCGCCCCGGCAGCTCCCTCCCTGCCTGTCTGCAAGTCGCAATAC;-
negativo71;TGCTTGAACCCGGGAGGCGGAGGCTGCAGTGAGCCAAGATCACGCCACTGCACTCCAGCCTGGGTGACAGAGC;-
negativo72;TGATTTTGTTGCAGAGAATAACAAAGTCTCAGTGTTTATTTGGCATCTGTTGGGATATCTGGAACCCTAAACA;-
negativo73;TTAACAACCCAGGAGCACAGAAACAGCACAGTTAGCTGAGAGGCGTTATGGAGAGAAGCAACCGAATGCACAC;-
negativo74;AACTAAGGGTTCTGTTCCTAATATATGGCAAACACACACACACACACACACACACACACACACACACACACAC;-
negativo75;TGCTGGTTTCATGGCCAGCCCTGATCTTGTGAAACACCTTGCCAACTGAGCTGGAGAGGGCACAGAAGTAGCT;-
negativo76;GCTGCACCACAGAGAAGTAACAGAAATCACTGTTTGCTAAACATGCATTTCATCACCTGTTAGTCCCAGAGAT;-
negativo77;GTAAAAGTTCCCTTTTCTCCACATCCTCACCAGCATCTGTTATTTTTTGTCTTTTTAATAATAGTCATTCTAA;-
negativo78;CACTGTGGGAGGCTGAGGTGGGAGGATTGCTTGAACCTAGGAGTTTGAGACCAGCCTAGGCAACACAGCAAGA;-
negativo79;TCCCCACCCGCTAGTCATCCTCTTCAGCGGTCCTCCCAGAGCTGTCCTCAGCATGGCAGCCTCCACAGCCCCT;-
negativo80;CATTCTATACAAGGGGGAATCACTGAGCTGATGAGTGAGCCTAACCATTTGCCCGACACCATTGCAGAAACTG;-
negativo81;GGAGCTGTTTTCATGGGACTGCCATATAAAAGCAGAACAGTCTCCAGAGACCGAGACAGGGACTTTCCCCCGT;-
negativo82;AGTTCCTTTAGATCTCAATAAACTTGTTTGTGGAGGCCCGAGGAGTTTCTTCAGACCCCCCAATAAAACTTGT;-
negativo83;CGTGCTGTCTGAACTCACAGTGTAGCAGGCGAGATAGACGGGAAGATCGGTAGGGTGGGAGATGCCGGAAAGG;-
negativo84;GGTAAAATTTCAGACCCTTGTTATTTCTTGACGTTTTCGTGTGAAAAAGTGAATGCTCATAGTGAGATGGCTT;-
negativo85;CCTTCCAAGCACACGCAGTTATCTCTGACACGAGCCCCACTCAGGTCCCCTTGAGATCTCTTGAACCAAGGGG;-
negativo86;CTGAAGACTTCTTCATCTGCCTCTCACCACATCCCCCCTCCTGGCACCTGAAGAATTCTGCAGAGACCAGTTT;-
negativo87;GAAAGACTACCCTTGCCATCCATACTGCAGAAAAACTTCAGGACCTTGAACCTTGGGTTCATAATCTAACAAC;-
negativo88;AGCACAGATGCTGAGCACTTTACATGCACCATTTCTCTTCATCTCCACCTGACAGACGATGAAAACGAGGTTT;-
negativo89;GAGGTGCACAGTGGCTAAGCACACTCAGTCCTCAAGATCTTTCCTCTCAAATGCTAATGCTACCTTCAGATGG;-
negativo90;GATTTCAGAAGCTTGTACATAAATAGAAGTGGCAAACTTAATTCATAATCTGACTCCCAAATTTGCAATTATT;-
negativo91;TGAATTTCCCTGATTTATACCTGGAAGCCTCCAATCTGGACTAGACATCCTTAGTTGTAATGGACTCTCTGGT;-
negativo92;CTCCCAGGTTTGAGTGATTCTCCTACCTTAGCCTCCTGAGTAGCTGGGATTACAGGCGTGCGCCACCATTCCC;-
negativo93;GCATATTTTGACATGTAAAAATTTGTTAGTTTTATTTTTTCAACCGATCTGACCTGTATAGTTGGGCTTGAGG;-
negativo94;CATGTCCTTAGATGGCTGTTGCCTTTGGGTAAATTGGCAATTAAGATAAATGAGCATATTTATCATGGCCTTG;-
negativo95;AATGACTATTTTTCTAAATCTCTCTACCCAGAGAAAATTTCAGTTACTATTTCAGTCATTTTTCTTACAGTTT;-
negativo96;GTGGCTGGAGAGGCCAGTTCTGTCGTTGGCAGCTTAACCCTGGAATGTATCAGCACCGGACAGTCATCGCTGA;-
negativo97;TCTAAAGTTTTCTTTTTCTCCTTTTCTCAGTGTCTTACCAAGAATGAAAGGCAACCTATGTAAAAACTATGGG;-
negativo98;ACACAGGATTCATCAGCATATGTGTGGTTTCTGAACCTATGGGACAGGATGGCATCACTCAGGGAAAGAGCAC;-
negativo99;GAGACTGTCAGTTAGGGCCCAGTTCAGTGTAGGGCTGAGGCAGCCTGAATGTGGTTATTTGTGCAAGCTCCTC;-
negativo100;GGAGTGTCGGTCTATCCAAAAAATGTACTAACAGATATGTAAAGTCTGTCATCCATTTGCAGCAAATTTTGCC;-
negativo101;CCTTTTCTCTCCCTGTAATGTCTCTTATCCACGGGTAGAAATTATATTTTCCATCTAAGGTTTGCTCAAATAT;-
negativo102;GTTGGCCAGGCTGGTCTCAAACTCCTGACATCAGGTGATCCACCTGCCTCGGCCTCCCAAAGTGCTGGGATTA;-
negativo103;ATCAGTAGTTTATAGTAACCAAATCTTAACACACACTTATTATTACAACTATATTAACATAATTTATTTTCTA;-
negativo104;TGCAATCTACTGGAAATGTAGCACTTACGTAAAACATTTGTTTCCCCCACAGTTTTAATAAGAACAGATCAGG;-
negativo105;CTGCTGGTGTGAACCTGGGCTCCTGTGCCTGGGACCCTGGGAGGGCCTAGGGGATGCCAAATTCCAGGGTCCA;-
negativo106;TGCCTAGGCTGGAGTGCAGTGGAACGAACTTGGCTTATTGAAGCATTGACCACCTGGACCCAAGTGATTCTCC;-
negativo107;ACCCAATGGGGCCAGACTCTGAGGATGGGATGGTAGTAGTGAAGGACATAGGATGGGGGTAGAGTGTGGAGAC;-
negativo108;CGTGAGCCTGAAGGCAGAGATCAAGGTGATGCCTCTACAGGTCAAAGAATGTTAAAGATTGCCAGCAAACCAC;-
negativo109;TCAGGTGATCTCCCCGCCTCAGCCTCCCAAAGTGCTGGGACTACAGGTGTGAGGCACCCTGTGCTGGTGATGA;-
negativo110;AAACGAAAACCCGGTGCTGCTAAACTAGAGCCCGCTCGGACGCAGACCTGAATAACTTGTTGGGTTTTCACAG;-
negativo111;TGACCCACCTGCTCTCTTCAGGCCATATTCCCACGCAGAAGTGGGTCCCACTCCTCAGGCCTCTGTGCTGGCC;-
negativo112;CTTGCTGAACTTGGTGGAGGAGAAGGACTTGAACTTAGCAGCCCAGCTTGAGTCTTTCTATGTGCTGTGCTGT;-
negativo113;TACTCCAAGCAGCCGCGCCCCTCGGGAGACCACCCCAGTTGGAGGGGCCCACTCCAGCCACCGCTACACCGGG;-
negativo114;TGGGCTCCCTGTCCTCTCAGCTGGTCCCAGGAACTGAAGGGAAATTTAGACAACTTGGAGAAAGACACTCTAG;-
negativo115;GGTGGAGGCGCTTGGACGAGGCACTGCAGCCAGCAGCGAGCCAGGGAAGGCTCCGAGCAGAAGAGGGGCCTGA;-
negativo116;TCGCAGAGCTCCAGTGCTTCTGTTTTGAAAAGAGATAATATTTCCTATGGGATAGGGTTGTCTGGGGGTACTA;-
negativo117;ATTCTAGAATAAACTTAGCCAAATATGTATGAACTCGAACAATCTCCTTTGCCTCTCCAGGTTTTAATTTCCC;-
negativo118;CTGACTGTGATATGGGAGACAAATTCAGGAACCTACAGGAGCCAGCTTCTTCAAAATTATCCACTTTTTGATC;-
negativo119;TGAAAATCTGTTTCCTCGTCTCATACAATGTGGCTGTACAGGAAGCATGGTGATGGCATCTGCATGGCGCCTG;-
negativo120;TGCTCAACAGCGTGCTCCTGGTGATACTGCCACCCGTAACGGGTACTGGCTTTGCTAACATCCTGACGAGACG;-
negativo121;GTAAGGACATGAAGACAGTTCCTGTCATACCTTTTAAAGGTATGGAGAGTCGGCTTGACTACACTGTGTGGAG;-
negativo122;CACCCAGGCTGGAGTGCTGTGGTGCTATCATAGCTCACTGCAGCCTCAAAATCCTGGGCTTAAGTGATTCTCC;-
negativo123;AATTCTAGAAAGTCAGTGAATGGCCAGAAATCCTCAACTCAGAGCTGAAGCAAGTAATTTATATGAATTTGAG;-
negativo124;AATTTGGAATGTGGAAAGGAGGTAGAAGTCATCCTTTCCTCCCCTGTAGCAGCAGGCGTGCAGGCTCTGGTGG;-
negativo125;GAAATTAGCCTAATTAGATTTTCAGAGCACTTAGATACCACAGTGATAGACGCCATCTAAATACATAGACAGA;-
negativo126;TATTGTCATAACACTCTGGCTCTGCTCTGACTTCAGTGACAGTGAAAAGCAAAATGGAGGAAAGGGAAAAGGA;-
negativo127;GCAATTCAAGATGAGATTTGGGTGGAGACACAGCCAAACCATATCATTGACTGACTTAAATTCAACAGAACTG;-
negativo128;ATAAAGGAAAAATAATGTTTAACTGCCACAAAAATGAAAACTTCTGCTTATCAGACAGTATTATTAAATGAGT;-
negativo129;CAGCAGAGGCGGCCCTCTGTGGTTAAAGACTGTATCCATGCTGTGCTCAAGGAGGAACTGGCAAATGCTGAAT;-
negativo130;GGGAATCTTCTTCCAGTTTAACTATTTGGAGATCTTGTACTGAAGGAGTCTGGATTTGTTGGTCCACAGCTAC;-
negativo131;AGATTAGCAGGGCCTCCCTTCTACTGGCCTGTCCTCCTGGCTCTCCTCCCTTTTGCCTCTTCTGGATTTCAGC;-
negativo132;AAGGTAAAATTACAAAAAATCCCCACATATTTACAGTGATCAGTGACATAGTCTTTCTTTTCTTGAATAAATA;-
negativo133;TAAAACATTAGGAGGCACAGTCAAAGAGTGAGATTTCAGAGTAGGTTATCCAAAGAAAGTTTTCAACTGATAA;-
negativo134;AAAACTTTGAAGGTAGGGAATAACATAACAGTCTACAAGAATAAGTACACCAATAACAATAGTGAACAAGGTG;-
negativo135;AACACAAGGCTGGACCTGCACCTGCCAGGTGACCATGGCCTCGGTGTGGGAGCAACATGGGGAGACCTGGGTC;-
negativo136;TTCATCCTGATTGTTCCTTGGGTGCTGTTTAGTGCCAGCCACTGAAGAGAACCTCCTTGTTTCCACCCACGTG;-
negativo137;AGAGCTTACAACTCTAAGGGGTCCACGTGAAAGGGTCATAATAGATCAAGTAAGCGTGAGGAACGTGACTGGG;-
negativo138;CCTCTGCCCAGGACATCTGCCTTCCACACTCAGCTGCCAGCAGCGTTTCTCCACCTTCCCTGGCCCAAGGAGC;-
negativo139;AATATTTCTATTAAAATTTCCTTATTTCCATATGCAAGAGGAGCCCCAGAGCTGCATCCTTATGGTAGCTACC;-
negativo140;TTGACCTTCCAATGATTTATTTCTTCCACACATGGTTTCATTAGAACTTCACTTGGAGAAGAAGAGAAATAGC;-
negativo141;CGTGGTGGCTCACGCCTGTAATCCCAGCACTTTGGGAGGCTGAGGTGGGCGGATCACTTGAGGTCAGGAGTTC;-
negativo142;AAGATGAGAATGTCTTGGATTAATTTTTCTCTTGGAACTGGCCCTGTATCGGTTAGCCATAGGCAGAAGACTG;-
negativo143;CACTCAGTTTGCGGCTGGGAATGACCCTCGCCGCCCGCCGTTCTTCTTCCGGAAGTCGTTGGCCGTTACCATA;-
negativo144;CCTGTGAGGCAGAGATGGTTGTTTGAATTATACAGAAGGAGAAACACAGAGTCAGAAAGATGAAGAAACTTGC;-
negativo145;AGCCTTCACCAGATATGGCCCTTTGACTCTGACTTCTCAGCCTCCATAACCACCTTCTGATTGGCATGGTCCA;-
negativo146;CCACCGCCCAGGGCCCCATGGCAGACCTGGCGTGTGCGATGGGTTTGCTCCTCTGGCACCACAGATGCCTAAG;-
negativo147;TGGGATTCAGGAGGTTTTCCTTTTCTCCCAGCTCATCTGTGGTCTTCTCTATTTCTATAAGAACAGGTATTGT;-
negativo148;GCAGGACCGGACAGACTCTGCCCTGTTTTCTTTGGAAGCCATTTGTCACTGTCAAAAACACATAGTGGCCTCT;-
negativo149;GGAATGAAGAGAAGACTCCAGAGTGGAGACCCATCCTAAGGGAAGGCAGGATGAGGAGAGCATGAAGAGACAG;-
negativo150;AGCCATCAAACCAGGTACAAAGAGGGTGCAGGCTGAGTGAAGCAGCACCCACAATGGCCTAGGGAGGAAAGAG;-
negativo151;TCCCATTAACTTGAGTGACCTGTGTGAGAGACAGACAGATGCCCCACGAGGATGGCTGGACAAGGACTTT;-
negativo152;CCCTCTCGGCGGCAGGCGGCGCGAAGGCTCCTGACCCGCGCGGGCGGTCGGGCTGCGGGCGCTGGGCCAG;-
negativo153;TGTAAAATGTTTTAAAGACAAATGGCAAATAAGATATGGACCAAAGTCACTAATGTTTTACAACAGTAAC;-
negativo154;AGGCGCGGTGCTCGGCCCGGGAGCGCGAGCGGGAGGAGCAGAGACCCGCAGCCGGGAGCCCGAGCGCGGG;-
negativo155;ACAAATCCTTGGCCCTCTCCAATCTTCTCAGTTTGCCTGAAATCCAGGGGTTGGGCAGGTCAGCTTCTGA;-
negativo156;TTTCCTGACCAAGCTTCCCATACTTGGGGATGCCTGCAGCACAAGGATTGCCTATCTCACCTCCCTCCTT;-
negativo157;AGGGAAGCCGACCTAGCGTCGATTCCTGCAGTTGCGGCCCGGGTCCCCGCGCCTGGAGAGGAGGCGACGC;-
negativo158;TTAAAAAATATGTATCCTCTATAATTAGTTATGACAGCCATTTGTAATGAATTTGTCGCAAAGACGTAAT;-
negativo159;AGATAGCCCTTGTCTCCCGCCGCCAATCTCTGGCCCCTAGCAGCACGGAGCAGACGGCGGCAGCAGCAGC;-
negativo160;TGATAATTGGGGGCTGAGGTACAAAATACTCCAGCGGGACAAGGAGGACTGGCATAGCTCCTTCTTCCAC;-
negativo161;GCCCTGGAACACCAAGGAAGGGCCTGGGAGAGCTGCTGTTGTTCCTATGAGCCCAGCTGTGGGCACACTG;-
negativo162;AACCAGAGCCCCGTGGGCTGGAACGCGCCGGAATCTGAGGTGTGAGTAGAGCCTGGGGGAGAGTGGATCC;-
negativo163;TGGCCGAGATCTACAAAAACGGCCCCGTGGAGGGAGCTTTCTCTGTGTATTCGGACTTCCTGCTCTACAA;-
negativo164;CAGCTGAAGGTGAAGTTTCCCTTTTGCAAGGAGAAAATTTTGGTGGAGAATTATCCAACAAGAAAAAGAC;-
negativo165;TGGCCGAGATCTACAAAAACGGCCCCGTGGAGGGAGCTTTCTCTGTGTATTCGGACTTCCTGCTCTACAA;-
negativo166;AGCCCGATGTGACCGAGCCCAGCGGAGCCTGAGCAAGGAGCGGGTCCGTCGCGGAGCCGGAGGGCGGGAG;-
negativo167;GATGAATTATAGATTTTAAAATCAAGGCCGGGCGTGGTGGCTCACACCTGTAATCCCAGCATTTTGGGAG;-
negativo168;GAGCTACTGAGAATGTCCCCTAAGTCAGTATTCCTGCCTCAGCTGAAATGCCAGTCTTCAGCCTCATCTA;-
negativo169;TTGGGGGGGTTCCTGATTTCTGTATACATGTAGCTTTGCCAGATATGTACTTAGTAATATAAACTGTATT;-
negativo170;GATGTTAGATGTCTGGTACATGAAACGGCACATTGACTACAGTAGACAACAGATTTCTCTTTTCTGGAAG;-
negativo171;GACCGGCTACAATTTTCAAGTCTACAATATATTATTATTGACTGTAGAAACCATATTGTACAATAGCTCT;-
negativo172;GCATCTCTGCGTGTCTCCCCACCACCGTGGGACATGCTGGAAAAAACCAGAGAAGAGACTGAGACGGCAT;-
negativo173;GCCCAGCCATCTGCACCCACTTTTGCTTGTAGTCATGGCCAGGGCCAAATAGCTATGCAGAGCAGAGATG;-
negativo174;TGGAGGTGGACTGGAGCAGTGAGAAAGCAAAGGCTGCTCTGAAGCGCACGACCTCCGACTACTTTCTCCT;-
negativo175;AGCAGCAAAACTTACTTTGTTTGTAAGGTATTCATTTAGGTTTGAAAATACTATTTAATAAGGGCAGAAG;-
negativo176;GGAAGCAAATTCTCCTGGCGGCCTCCGTTCAGACGCGGCAGCTGTGACCCACCTGCCTCCTCCGCAGAGC;-
negativo177;AAGCCGTACTGCTTTTTTGAGCAGTTATTCATTCCAGTGATTAAAACTGATTGTGCAGAATATTCTAAGA;-
negativo178;CCGCCATTGCTGCGAGCAGGAGCAGGAGACGCGGAGCTCGGAGCGCTCAGCTGACCTGCCGGAGCCGGGC;-
negativo179;GTAGCTTCCTGAGATTTAAAATATAGGAAGACTCAAAACTATGTTACTTCTTGGAATATAGATAATTCAG;-
negativo180;AAGGTAAGGATGGTTTCAAGCATTTGTCTAAAAAAATATAAAAAAAAAGGAAGAAAAATAACCTCCCTTT;-
negativo181;TGTCCCCTGCCCAGGGAGCTGGCATAAAAGCACGAGGCCCGGCTCCCTGGGGCAGCTGCTTGAGAACAGA;-
negativo182;AAAGGTGCCAACATCCAGCTCCTGGACCTTCCTGGAATCATTGAAGGCGCAGCCCAAGGTGGGAGGCAGG;-
negativo183;TGGAAGAGGAATTTAAGGGGTCCCCTAGTCTAGTCTCTGCCCCTGGATAGTGTCCAGCCTTGTATATTTC;-
negativo184;GGATATTCTGTTCTTCCTATGGCTGTAGAACAAGATGTGCTAATAGCTGTAGAACCTGTGAAAACGTACG;-
negativo185;TTTTCAATTCAGTCAAGTCTATTTTTCATGGCCATGTGACTGGCCAAGCCGTAGTGGGGTCTGATATCAC;-
negativo186;GTCGGGATGCCGATGCCGGCTTGGAGTTAGAGATGAGTCACCGCTGAGAGCAGCTGCAGTAGCTGAGCAG;-
negativo187;AATGAGATGTTTTAGGAGCTATAAATAAATTGAATATATTGGTTGCTCATTTTTGAAGAGAGTCTCTAGA;-
negativo188;CAGTTGATTTCCAACATGAGGTTTTTTGTTTTTTATCCAGAAATATTTTCAGCAAAACTTTCCAACTGAG;-
negativo189;CATCTCTTACAAGATTTAGATGACTATCATCAATATGCCTTAACATCAGTAGTTTAGGAGACTCTAGCCC;-
negativo190;TGTGGCCCTCATCTGTGCCCTGGACTACTAGACTCAGACAGAAGGGCTGGGGCCATTAAAGCTGAATTTT;-
negativo191;GTTAGCATCTTGCAAGGAGGTAGTAACATATCCAGTCGTGAAACTGGGAAAGACCAGAGCTCTTGCATCA;-
negativo192;GGAGCAAGTCTGGAGAAACAACAGATGATAGTAAGGGAGAAAACCCAGAAGCACTTGGATGACTATGCCA;-
negativo193;GTCCTTATAGGACAGTTCTTCGAGATAATGCAATACCAACAATATTTGATCTTACCAGTCATTTGAACAA;-
negativo194;CCGGCCTTTCTGACCCAGGGCTGGGGCAGCACCTACCAGGCGTGGCAGCAGCCCACACAGCAGGTCCCAA;-
negativo195;CTGGTGCCTGCCACAAAATAAGCACTAACAAAAGTGTATTGTTTAAAAAATAAAAAGAAGGTGGGCAGAA;-
negativo196;CCCTCCCCCCCATGAACGTCCGCCTCCCCCGCCCTCCTGCCCAGAGGACCCGGGACTGACAGCGCAGGGT;-
negativo197;TCCGGACGCTCGGTCGCCTCCCGGGGCGCGGTAATCACCGCCCAGAGGGAAGGAGGTCGGCAGTGTGAGG;-
negativo198;ATAAGGAATTTTCTATGTTTCAAAGTGTTCTAAAACCTGGCTAAAAGAATGTATTTTTGTGGATGGTGTT;-
negativo199;TCTATGAATGTACATGGAAAACCCCTAAAAATCCCCAAAACAGAAACATACAAGAGTTCACCTGTCCAGG;-
negativo200;AACTGTGATGGCCACCGCAGGGGGCAGGTGCTGACATCGTCCCCAGCCCTGTGGCTGTTCATCCGGACAT;-
negativo201;ACGACGGGGGAGGTGCTGTACGTCCAAGATGGCGGCGCCCTGTAGGCTGGAGGGACTGTGAGGTAAACAG;-
negativo202;ATGTTTTGTGAGATTATTTTTATATGAAGGAATAGCCTGAACTCAAACAGATGGTAAGAATAGTACAAAC;-
negativo203;CCACTGCCAGCTCACCTGAGCAGGGCTGCTAGGAACTCCCCAGGGCCCGGGTCTCAAATAGAGAGGACGG;-
negativo204;TCCCATAGTCCAGAGGAGGCATCCCTAGGACTGCGGGCAAGGGAGCCGGGCAAGCCCAGGGCAGCCTTGA;-
negativo205;TCTGGGTGCCGCGGCCTCGGCTCTCCGGGGCGATGAGGGACTAGAGGCGCCCTGAGGCCCGCCTGCCTCC;-
negativo206;ACACTGGGATTAATTTTGAGAAATACGATGACATTCCAGTTGAGGCAACAGGCAACAACTGTCCTCCACA;-
negativo207;GCAGGAAGCCAGGCTGAGTGAGCCACAGACCACCTGCTTCTGAACTCAAGCTGCGTTTATTAATGCCTCT;-
negativo208;TGGGCCGGATGGCCATTTTGGCATGTTCCCTGCCAACTACGTGGAGCTCATTGAGTGAGGCTGAGGGCAC;-
negativo209;TAATATTATTTGTCATCATCATTGTGCTCATTGTTGTCCTCGTTGGCGTGAAGTCTCGATAAGTGGCATT;-
negativo210;GTGTGACCATGGACCAGGAACGCCCACGCTCTGACCTCAGCATAAACAACAGAAATGATCTTCGAAAGGT;-
negativo211;CTGCAGCATCTTCCACCCTTGTTAGTATATGCCTCAACTTGGCCAAATTGTCTTAATTATAAAAGGGATT;-
negativo212;TGTTTGTGTGAATGTAGACCAGGAAAGGGGGCTGCAAAAATGTTGAGTCTAATGTTCGTAAGCATCATAG;-
negativo213;TCTCTGGGCCAATATGGCAGCGCCCAGCAACAAGACAGAGCTGGCCTGGAGTCCGCGGCTGGCCGCGTGA;-
negativo214;GCTGCAGACATGGAGGGCCAGAGCAGCAGGGGCAGCAGGAGGCCAGGGACCCGGGCTGGCCTGGGTTCCC;-
negativo215;GGTGCGGACCGGCATCTCCCATGGACACACAGTATACGTGGTGCACGATGGCTTCGAAGGCCTAGCCAAG;-
negativo216;TGAGGGCAAACACCTCAGTGAAGTGAAGCACAGGCAAGCTCCTGAGCTGTGGTTTGGAGGAGCCGTGTGT;-
negativo217;AGAGCCTGGATTCTGCGGGGAGGGCCCTTCCCTCTCTCTCCCTCCTCCTCCTTCCTGGTGTCTGGGTTGG;-
negativo218;ATTAAAGCTACTGGGTACCTGGAATTATCTAATTGGCCAGAGGTGGCGCCCGACCCATCAGTTCGAAATG;-
negativo219;ATCATGAATTTCATTAATTCTTGTGAGTCTCCAAAGCCTAAACCAAGTAGACCAGAACTGACCATTCTCA;-
negativo220;CTGTCTGTGTCCGGGCAGCCGGCGCGCAACTGAGCCAGAGGACAGCGCATCCTTTCGGCGCGGGCCGGCA;-
negativo221;GCGATCGAGTGGCCGACGCCCCCAGTGGGAGTGAGGCCCAGCACGCGAGCTCGGTCCCTCTTCCTGGAGC;-
negativo222;TGCAGCAGCAGCAGTTACTGCAGCTCCAGCAGCTGCTCCAGCAGTCCCCACCACAGGCCCCGTTGCCCAT;-
negativo223;TGCGCCTCCTGCTCCGCTCACTCTTCTTTGTCTCAGCCTTTCCATCTTTTTCGCCAGGTTCTCTCTCCTT;-
negativo224;GGATATAAGCCCCAGTCGTCTGTCGGATATGTTACAGAGAATATCCTCTCCTCTTCCAGTCTCTGGCTCG;-
negativo225;GGACATCCATGACCCTAATGGTCTTTTTGTTCAAGATAAAGTGATTTTTTGCCTTTGTTGATTAACTGGA;-
negativo226;CCTGCTGTCGCGGTGCGCAGCGACTACGGGAACTCTTCCGCAGCAGACGGGGTCCCCGCGGCCCGCTCCC;-
negativo227;GCCGAGTGCCAGAGGTGGTCAGAGGCTGATATGTAGAATCCGAAAAATACAGGCTGAGCCATGGCAGGAG;-
negativo228;GCTGGTCTGTGGTTTACAGGAGATGAAGATATAAAAATTCCAGAAAATCCTCTTGAACCCCTTCCATTTA;-
negativo229;TGAACAGGAGCTGTTATTTCTCACCCAGTCAGCCTCTGGACCTCACTCTTCTCTCTCTTCCTGGAACGGT;-
negativo230;CTGGAGGAGGGAATGATATTCAGTGGTGTTTTTCTCAGGTGAAAGGAGCAGTAGATGATGATGTAGCAGA;-
negativo231;GGTCCCCAGGGGTCTGCGGGCGACTGCGCGGCTGAGGCGCCCGAGTGCGGTACTGGCGGCGGGCGGCGGG;-
negativo232;CTGAGCATCGTTTTGAGCTTGCTCTTCAGCTTGGAGAGTTAAAAATTGCATACCAGTTAGCAGTGGAAGC;-
negativo233;GCGGTGTCTCAGGGCAGCAGCGACTCTCAGATCCTGGATCTCTCAAATCGCTTTTACACCCTGATCCCCC;-
negativo234;CCTGGAGAAAGACTGGAAGCTGGTCACACTCTTCATTGGGGTCAACGACTTGTGTCATTACTGTGAGAAT;-
negativo235;GGATCGCGTCTGATATGCTGTTGGGGTCGTGACCGTCTGGGGGCCGAGGCAGGCACTGGCCAGACCCAGC;-
negativo236;TTATGGCAGTGGGAGTCGAAGCGAGGGTCTGAAGTTCACGACTACTAGAAGGGGAGGGGAGTGGAAAGGC;-
negativo237;TTATTTCTATATGACACAAAGTATGATACCTTTAAAAAGGTGAGCTTATATATTGTTTATTAACCTGGAA;-
negativo238;TCCGGCAGAGTTCCTCTATCTCGTCTTGTTGCTGATTAAAGGTGCCCCTGTCTCCAGTTTTTCTCCATCT;-
negativo239;TTCTGGGCGGGGCTGCAGACTCCTCGTGCTCGTGTCACCGTGTCCTTCCCAGGAGACAGAGAAGGAGGAG;-
negativo240;ACCTCTTATTGTGGAAACCTGTTGAGATCACAGAGAATATACTGACGGCATAAAAGGGCAGAACCATAGC;-
negativo241;CAGACTCGTGAATGAGGTCTACCACATGTATAATCGACACCAGTATCCATTTGTTGTTCTTAACATTTCT;-
negativo242;CTGTCCACTGCCAAGGAGATCATCCAGCACTTTAAGGGCTGCCCTGCGGACCTAGTGGTGTGTGACGGGG;-
negativo243;GGTTGAGCGGCAGGCACCCAGAGTAGTAGGTCTTTGGCATTAGGAGCTTGAGCCCAGACGGCCCTAGCAG;-
negativo244;CAGGTTGGGGAAATCAATTTTTCTTTAAATCCAAAGATACTAAAAAAATGTCCTCCAGTTTGTATTTATT;-
negativo245;CGCCCCAGCCAGAAGCAGAGAGGGGTACAGGGAAGCTACAGAGAAGCCCCTTCTGATGCCCCAGGGAGCA;-
negativo246;AACTTAAGGTACCTGAGGAGAATTTCTTCAATGTTCCTGCTTTCTTAACTGTCTCAGGACAACTTCATCT;-
negativo247;GCCTTTAGGAGCCATCTCCAGTACTTTGGGAGGTCCTTGGATGGCTATGGAGATTTAAATGGGGATTCCA;-
negativo248;GGTCTCATCCTCAGAGATGAACGTGACCTGGGAACCCGTGCAGCAGGACATGAATGGTATCCTCCTGGGG;-
negativo249;CCAGCGCTGCTGTTGCACCTGTGAGCCCCACCAGACTCATTTGTAAATAGCGCTCCTTCCTCCCCTCTCA;-
negativo250;GCTACATGTTCTTTGTACCTTTTGTAGTTTTATTTGTATTACTAGATTCATACCTTGATGGTAACGCTCT;-
negativo251;GAGCAGGAAAATGAGGACGATGAGGAGGAAAGAGATGGGGAGGAGGAGGAAGAGGCGGAGGAATCCAACG;-
negativo252;CTCCAACCCCTCTAAGCTGCCCCCTCCAGGTCGTGATCTCGTCTCCCTGTCCTGTAGGACCTCCCTCTCC;-
negativo253;CAGGGGCGTCTCAGCCCCATCCAAACCAGAAGAGATTTGTCACTGATGCTAATGCATGCTGCTCTGCAGG;-
negativo254;AGTCTGTTTTGAGATCGAAGAAGATTATAAAAATCGTCAGTTTCTGGGGCCTGAAGGAAATGTGGATGTT;-
negativo255;AGTAGGATAACCCCTTTCTCCCCTTTGGACCATCTGCCATCTTTCATGAGTGTTTCCCATGGTGTTTTTG;-
negativo256;AGAACATATCAGAGCTCTTTTATTACGCACAGAAAGCTGTTCTTCATCCTACAGGGCCCCTGTACTGCCC;-
negativo257;TGCACACCTATTGAAATAAACCTGTAGTTTCTAGAAGTGGAAGAAAATTTGCTGAGACGTCAGCTGGGGA;-
negativo258;TCTTGCTGACATGGTGCATTTTTAGATAGAGTGCATTGGCCCAGGGTATTATATTTCTGTGATGAGTTCA;-
negativo259;GCAGTTGCTGATGACTGTAAAGGAAAGAAAACCCAGTTTGATCTTTCTGTCTGAAACTTGGTCTTTAAAG;-
negativo260;CCCAGCCGCCTACCTCGCTGGGACCCTGGTCTTGCTGTCCCCCGCTGGCCTCCTGCCCAAGCGACTGCGG;-
negativo261;CGTGGCGGGGAACGGAGGTTGAATTGCCCTGCCTGGGCTCATAGGGAAGGAGGATGTGAAGGAGCTTGTG;-
negativo262;GCGAGCACACCAGGCTAAGATTTCTATGGAAAATAGCAAAGCCATCAGCCAAGATAAATCTATCAAGAAT;-
negativo263;GCGGCTCCGGTGGTGCGGGGAAACCGAAAGTGGGCGGCGGCCGCGGCGGGGCCCCTGGCGGAGACGGCGG;-
negativo264;ACGATGCCTTCTGTAGCATACTCCAAGAATCCGGCGCCCCCTGGAGTTGTGCCACACAGCACCCCTTTGC;-
negativo265;CCTGCGGTCGGGGAGCTCCATGGAGGCCGTGCTCCCCATCATGAGCCAGTTTCCCGAGATTGAGACCTGC;-
negativo266;ACATGAGCCGAGTGTTCTGCTCACACTGTGGGAACAAGACCCTGAAGAAAGTGTCCGTGACCGTCAGCGA;-
negativo267;GGCAGATAATCGCGGCCACCACCTGTAGGACCTCCTCCCACCCACGCTGCCCCCAGAGCTTGGGCTGCCC;-
negativo268;ATATCATCCCATCTGAAAAACACTAATTATTGACATGTGCATCTGTACAATAAACTTAAAATGATTATTA;-
negativo269;ATCAATGAATGCATTATGGTCAAATCTTTTCATGTATATGGATGTGACTATTTTAACAAATAAAAGAAGT;-
negativo270;CCAGCAGAGCACTACCTGAGGCAGCGAGGCGCAGCGAGCCTAGCCTCCCCGCGCCCTGGGCAGTGTGGCC;-
negativo271;GAGCAGTGAGCTGGTGAGCTGGGCAGACGGGGGCCAGCACAGCAGCATCCACCCAGCCTGAGGCTCAAGC;-
negativo272;GTCTCTCTCACAAGCTGTCACTGGTCTAATAGACACAGGAAGAATATCTGAAGCTGAAACTCTCTGCACA;-
negativo273;AGTCTACATTTGAAATGTTAGTTCAAAATATTAACATATAGTTATGTTGTTGATGTCACTGAAATTTTAA;-
negativo274;CCATGCTGGTTCCGTGAGTCTGGCCTTAGGTGTCTCGTGTCTGGGGTTGATCCGAGCTGTCGCCGCCGCC;-
negativo275;CTTCTACAACAACCGGCTGCAGGCGTACTGCAAGCAGAACCTGGAGATGAACGTGACGGTGCAGAACGTG;-
negativo276;GGTGTCAACTCTGGGGACGTGCGTGCGTGTGTGTGATTGTTGGGGAGGAGAAATGTGATCCGCGGCTCCG;-
negativo277;AGGTAATTTACAGCCAGAAACAAATATACATTTGTTTCATTTCTTGACTTTCCCTAAGCAGATAAGCAGA;-
negativo278;TGCTGCTCGGGCTGAATGACAGCAAGAATCGCTTAGTGAAAGCTGCAACTTCACGGGCCCTGGGAGTCTA;-
negativo279;GATGCTGGCGCTGAGAAGTGATGACTCGGAACACAAGTACAGCTCCAGCCCACTGGAGTGGGTCACCCTG;-
negativo280;GTTCGGGACCAGCCAGATCGCGGCGGCCTCGCGGGCGGTTTGGTCGGTGAGGTCTTGGCCGCGCGCGGCA;-
negativo281;GTACTGCTTCTCCGAGATGGCCCCAGTGTGTGCGGTGGTTGGAGGGATTTTGGCACAGGAAATTGTGAAG;-
negativo282;CACACACACACTTTGTTGGTTAACTATAAATGTAATATCTCTATGTTATAATTCTGTTGCTAATGTCTTT;-
negativo283;GGAGAACAGGGCAGCCTGTGGGACTCTAGGATGCTTCAGAAGAAGCGACGGCACCGTCAACCCTCTGTTT;-
negativo284;AAGGCCATTCTGTTATACCTGCTTCAGGGACGATTGATGATGACAGCATTGACCTGGAACAAGTTTATTG;-
negativo285;GCTGGGGACTTCGCTGGAGAGATGGCACCGGCCTGAGGTCAAGGAGAAATTGAACTAAACTCTCCTTTGA;-
negativo286;ATGAAGCTGATCGGATGTTGGATATGGGGTTTGAGCCTCAGATTCGTAGAATAGTCGAACAAGATACTAT;-
negativo287;GAAGGGTCTTGCGCATGCGCGGGCCGCTGCGTGTGCGCGAGCGCCGCAGTCTGCTCTCCCCGCCCGCGGC;-
negativo288;GGAGAAAGGGGGGCAGGGGGGAGTGGGAGCCACCGTCCTGAGTGCCAGGGACCGAGCAGGGCCAGCCGGA;-
negativo289;GTCTCCGCGCTCGGAGCAGCTCAGCCCTGCAGTGGCTCGGGACCCGATGCTATGAGAGGGAAGCGAGCCG;-
negativo290;GATTTACAGAATGGCTGCACATTAATGGAAAGAGAAGCATAAACCTATCTTCTTTCATTATGGAGGGAGG;-
negativo291;TCAACCGCGTCAATAAAAGGCCGCCCCGACCCGCCCCCGCGCCCCGCAGCCCTGCCGGACACCCCGGGCT;-
negativo292;TGATAGAAAACTAACTTTGAGGCCGAGTGCAGTGGCTAACACCTGTAATCCCAGCCCATTGAGAAACCAA;-
negativo293;CTCCAGTGGCCACTTTCCGTAGCTGCATGGAGGTGAATTTCTTTGGCGCGCTCGAGCTGACCAAGGGCCT;-
negativo294;GAGCGTGTTATATGTTATCATTGCTACCTTTGTCATTGTTGTTGCCTTGGGAATCCTGTCTTGGACTGTG;-
negativo295;GTATGGTGTTTGCGAAAACTTGCGGAAGCTGGAGATCACAGGCGTGTCTTGTCGGGACGTCTATGCGAAG;-
negativo296;AGGGGAGAGCCCGTCCGCGCCTGGGCTCCCGGGGTGGCACGAGCCCGCGGCCGGAGTGCGAGGCGGAGGC;-
negativo297;TACACACTGGAAATACGTATCAAAACTGCAACAGCAAAATCATATTTTGTAAATTAAAATTGTGTTTACT;-
negativo298;TGGCCGGGAGTGGCCCCTCACACTGGTTCTCCCCACTTTCTCTGCCTGTGGCATCGAAGGCCCCGGGCAC;-
negativo299;TTTGGTAATCTGCTATTTTATGATGCACTATGTTGACTACTCCATGATGTACCACCTGATAAGGGGGCAG;-
negativo300;GCTGGGCAATGACCCCGGGACTCCAGGCCAGAGGGGTCTGAAGCTGTTTGGGAAAGCAGCGGGACTCCTT;-
