nombre ;secuencia ;SLA
NC_001477.1 Virus del dengue 1, genoma completo;AGTTGTTAGTCTACGTGGACCGACAAGAACAGTTTCGAATCGGAAGCTTGCTTAACGTAGTTCTAACAG;+
MN018292.1 Virus del dengue tipo 1, aislado D17037, genoma completo;AGTAGTTAGTCTACGTGGACCGACAAGAACAGTTTCGAATCGGAAGCTTGCTTAACGTAGTTCTAACAG;+
MN018293.1 Dengue virus type 1 isolate D14001, complete genome;AGTAGTTAGTCTACGTGGACCGACAAGAACAGTTTCGAAGCGGAAGCTTGCTTAACGTAGTTCTAACAG;+
MN018285.1 Virus del dengue tipo 1, aislado D15446, genoma completo;AGTAGTTAGTCTACGTGGACCGACAAGAACAGTTTCGAATCGGAAGCTTGCTTAACGTAGTTCTAACAG;+
MN018286.1 Virus del dengue tipo 1, aislado D16152, genoma completo;AGTAGTTTCGTTACGTGGACCGACGAGACAGTTTCGAATCGGAAGCTTGCTTAACGTAGTTCTAACAG;+
MN018287.1 Virus del dengue tipo 1, aislado D14002, genoma completo;AGTAGTTAGTCTACGTGGACCGACAAGAACAGTTTCGAATCGGAAGCTTGCTTAACGTAGTTCTAACAG;+
MG097876.1 Virus del dengue tipo 1 aislado SG(EHI)D1/30889Y14, genoma completo;AGTTGTTAGTCTGTGTGGACCGACAAGAACAGTTTCGAATCGGAAGCTTGCTTAACGTAGTTCTGACAG;+
MK506262.1 Virus del dengue tipo 1 aislado Hawaii-2007, genoma completo;AGTTGTTAGTCTACGTGGACCGACAAGAACAGTTTCGAATCGGAAGCTTGCTTAACGTAGTTCTGACAG;+
KY672939.1 Virus del dengue tipo 1 aislado DENV-1/China/YN/DGRL-49(2014), genoma completo;AAGTTGTTAAGTCTACGTGGACCGACAAGAACAGTTTCGAATCGGAAGCTTGCTTAACGTAGTTCTAACAG;+
KY672944.1 Virus del dengue tipo 1 aislado DENV-1/China/YN/YNH22 (2013), genoma completo;AAGTTGTTAAGTCTACGTGGACCGACAAGAACAGTTTCGAATCGGAAGCTTGCTTAACGTAGTTCTAACAG;+
KY672935.1 Virus del dengue tipo 1 aislado DENV-1/China/YN/GM1503(2015), genoma completo;AAGTTGTTTAGTCTACGTGGACCGACAAGAACAGTTTCGAATCGGAAGCTTGCTTAACGTAGTTCTAACAG;+
KY672933.1 Virus del dengue tipo 1 aislado DENV-1/China/YN/15DGR55 (2015), genoma completo;AGTTGTTTTAGTTTACGTGGACCGACAAGAACAGTTTCGAATCGGAAGCTTGCTTAACGTAGTTCTAACAG;+
KY672934.1 Virus del dengue tipo 1 aislado DENV-1/China/YN/GM1502 (2015), genoma completo;AAGTTGTTTAATTTACGTGGACCGACAAGAACAGTTTCGAATCGGAAGCTTGCTTAACGTAGTTCTAACAG;+
KY672931.1 Virus del dengue tipo 1 aislado DENV-1/China/YN/15DGR4 (2015), genoma completo;AAGTTGTTAGGTTACGTGGACCGACAAGAACAGTTTCGAATCGGAAGCTTGCTTAACGTAGTTCTAACAG;+
KY672937.1 Virus del dengue tipo 1 aislado DENV-1/China/YN/DGRL-6(2014), genoma completo;AAGTTGTTAAGTTTACGTGGACCGACAAGAACAGTTTCGAATCGGAAGCTTGCTTAACGTAGTTCTAACAG;+
KY672943.1 Virus del dengue tipo 1 aislado DENV-1/China/YN/YNH12 (2013), genoma completo;TAGTTGTTAAGTCTACGTGGACCGACAAGAACAGTTTCGAATCGGAAGCTTGCTTAACGTAGTTCTAACAG;+
MH823207.1 Virus del dengue tipo 1 aislado JMB-059, genoma completo;AGTCTACGTGGACCGACAAGAACAGTTTCGAATCGGAAGCTTGCTTAACGTAGTTCTAACAG;+
MH921566.1 Virus del dengue tipo 1 aislado PNG 2015c, genoma completo;AGTTGTTAGTCTACGTGGACCGACAAGAACAGTTTCGAATCGGAAGCTTGCTTAACGTAGTTCTAACAG;+
KY057368.1 Virus del dengue tipo 1 aislado SUB-032A, genoma completo;AGTTGTTAGGCTACGTGGACCGACAAGAACAGTTTCGAATCGGAAGCTTGCTTAACGTAGTTCTAACAG;+
KY057369.1 Virus del dengue tipo 1 aislado SUB-038A, genoma completo;AGTTGTTAGTCTACGTGGACCGACAAGAACAGTTTCGAATCGGAAGCTTGCTTAACGTAGTTCTAACAG;+
KY057367.1 Virus del dengue tipo 1 aislado SUB-027A, genoma completo;AGTTGTTAGGCTACGTGGACCGACAAGAACAGTTTCGAATCGGAAGCTTGCTTAACGTAGTTCTGACAG;+
KY057371.1 Virus del dengue tipo 1 aislado SUB-049A, genoma completo;AGTTGTTAGGCTACCTGGACCGACAAGAACAGTTTCGAATCGGAAGCTTGCTTAACGTAGTTCTAACAG;+
MG767211.1 Virus del dengue tipo 1 aislado 09041/DENV-1/GZ/2017, genoma completo;AGTTGTTAGTCTACGTGGACCGACAAGAACAGTTTCGAATCGGAAGCTTGCTTAACGTAGTTCTAACAG;+
MG877553.1 Virus del dengue tipo 1 aislado Hait¡2012, genoma completo;TAGTTGTTAGTCTACGTGGACCGACAAGGACAGTTTCGAATCGGAAGCTTGCTTAACGTAGTTCTAACAG;+
MG877555.1 Aislado del virus del dengue tipo 1 Ncal2013, genoma completo;TAGTTGTTAGTCTACGTGGACCGACAAGAACAGTTTCGAATCGGAAGCTTGCTTAACGTAGTTCTAACAG;+
MF033197.1 Virus del dengue tipo 1 aislado 11887, genoma completo;AGTTGTTAGTCTACGTGGACCGATAAGAACAGTTTCGAATCGGAAGCTTGCTTAACGTAGTTCTAACAG;+
MF033203.1 Virus del dengue tipo 1 aislado 42373, genoma completo;AGTTGTTAGTCTGTGTGGACCGACAAGAACAGTTTCGAATCGGAAGCTTGCTTAACGTAGTTCTAACAG;+
MF033229.1 Virus del dengue tipo 1 aislado 06038, genoma completo;AGTTGTTAGTCTGCGTGGACCGACAAGAACAGTTTCGAATCGGAAGCTTGCTTAACGTAGTTCTAACAG;+
MF033250.1 Virus del dengue tipo 1 aislado 09778, genoma completo;AGTTGTTAGTCTACGTGGACCGACAAGAACAGTTTCGAATCGGAAGCTTGCTTAACGTAGTTCTGACAG;+
KR024705.1 Virus del dengue tipo 1 aislado Wuhan-Human-1, genoma completo;AGTTGTTAGTCTACGTGGACTGACAAGAACAGTTTCGAATCGGAAGCTTGCTTAACGTAGTTCTAACAG;+
KC762630.1 Virus del dengue 1 aislado MKS-2097, genoma completo;AGTTGTTAGTCTACGTGGACCGACAAGAACAGTTTCAAATCGGAAGCTTGCTTAACGTAGTTCTAACAG;+
EF032590.1 Virus del dengue tipo 1, cepa GZ01/95, genoma completo;AGTTGTTAGTCTACGTGGACCGACAGGAACAGTTTCGAATCGGAAGCTTGCTTAACGTAGTTCTAACAG;+
AY762084.1 Virus del dengue tipo 1, cepa Singapur 8114/93, genoma completo;TTGTTAGTCTACGTGGACCGACAAGAACAGTTTCGAATCGGAAGCTTGCTTAACGTAGTTCTAACAG;+
NC_001474.2 Virus del dengue 2, genoma completo;AGTTGTTAGTCTACGTGGACCGACAAAGACAGATTCTTTGAGGGAGCTAAGCTCAACGTAGTTCTAACAG;+
MN018342.1 Virus del dengue tipo 2, aislado D17006, genoma completo;AGTTGTTAGTCTACGTGGACCGACAAAGACAGATTCTTTGAGGAAGCTAAGCTTAACGTAGTTCTAACAG;+
MN018355.1 Virus del dengue tipo 2, aislado D17029, genoma completo;AGTTGTTAGTCTACGTGGACCGACAAAGACAGATTCTTTGAGGGAGCTAAGCTTAACGTAGTTCTAACAG;+
MN018357.1 Virus del dengue tipo 2, aislado D14003, genoma completo;AGTTGTTAGTCTACGTGGACCGACAAAGACAGATTCTTCGAGGAAGCTAAGCTTAACGTAGTTCTAACAG;+
MK543449.1 Virus del dengue tipo 2 aislado HNQY20180084, genoma completo;AGTCTACGGTGACCGACAAAGACAGATTCTTTGAGGAAGCTAAGCTTAACGTAGTTCTAACAG;+
MH613985.1 Virus del dengue tipo 2 aislado C6L_P30, genoma completo;AGTTGTTAGTCTACGTGGACCGACAAAGACAGATTCTTTGAGGGAGCTAAGCTCAACGCAGTTCTAACAG;+
MK513444.1 Virus del dengue tipo 2 aislado SG(EHI)D2/02862Y15, genoma completo;AGTTGTTAGTCTGTGTGGACCGACAAAGACAGATTCTTTGAGGAAGCTAAGCTTAACGTAGTTCTAACAG;+
KY672955.1 Virus del dengue tipo 2 aislado DENV-2/China/YN/15DGR65(2015), genoma completo;GTAGTTTGGGTTACGTGGACCGACAAAGACAGATTCTTTGAGGGAGCTAAGCTTAACGTAGTTCTAACAG;+
KY672949.1 Virus del dengue tipo 2 aislado DENV-2/China/YN/RL27(2013), genoma completo;GTAGTTTGTTTTTTCGTGGCCGACAAAGACAGATTCTTTGAGGGAGCTAAGCTTAACGTAGTTCTAACAG;+
KY672945.1 Virus del dengue tipo 2 aislado DENV-2/China/YN/15DGR8(2015), genoma completo;AGTAGTTAGTCTACGTGGACCGACAAAGACAGATTCTTTGAGGGAGCTAAGCTTAACGTAGTTCTAACAG;+
KY672952.1 Virus del dengue tipo 2 aislado DENV-2/China/YN/JH1505(2015), genoma completo;TTAGTAGGTTAAGTTTCGTGGACCGACAAAGACAGATTCTTTGAGGGAGCTAAGCTTAACGTAGTTCTAACAG;+
KY672953.1 Virus del dengue tipo 2 aislado DENV-2/China/YN/JH1515(2015), genoma completo;GTGTTGTAAGTTTCGTGGACCGACAAAGACAGATTCTTTGAGGGAGCTAAGCTTAACGTAGTTCTAACAG;+
KY672954.1 Virus del dengue tipo 2 aislado DENV-2/China/YN/JH1516(2015), genoma completo;GTAGTTTAGTTTACGTGGACCGACAAAGACAGATTCTTTGAGGGAGCTAAGCTTAACGTAGTTCTAACAG;+
KY672947.1 Virus del dengue tipo 2 aislado DENV-2/China/YN/RL16(2013), genoma completo;AGTAGTTAGTCTACGTGGACCGACAAAGACAGATTCTTTGAGGGAGCTAAGCTTCACGTAGTTCTAACAG;+
KY672948.1 Virus del dengue tipo 2 aislado DENV-2/China/YN/RL18(2013), genoma completo;AGTAGTTAGTCTACGTGGACCGACAAAGACAGATTCTTTGAGGGAGCTAAGCTCAACGTAGTTCTAACAG;+
MH823208.1 Virus del dengue tipo 2, aislado JMB-010, genoma completo;AGCTTCCAGTCTACGTGGACCGACAAAGACAGATTCTTCGAGGAAGCTAAGCTTAACGTAGTTCTAACAG;+
MK268692.1 Virus del dengue tipo 2 aislado DENV-2/TH/1974, genoma completo;AGTTGTTAGTCTACGTGGACCGACAAAGACAGATTCTTTGAGGGAGCTAAGCTCAACGTAGTTCTAACAG;+
MH010629.1 Virus del dengue tipo 2, aislado D2/Zhejiang/HZ33/2017, genoma completo;CGTTGTTGGTCCACGTAGACTAACAACGACAGATTCTTTGAGGAAGCTAAGCTTAACGTAGTTCTAACAG;+
MG721056.2 Virus del dengue tipo 2 aislado R1_J30_DENV2, genoma parcial;AACTGTTAGTCTACGTGGACCGACAAAGACAGATTCTTTGAGGGAGCAAAGCTTAACGTAGTTCTAACAG;+
MG721054.2 Virus del dengue tipo 2 aislado R1_J17_DENV2, genoma completo;AACTGTTAGTCTACGTGGACCGACAAAGACAGATTCTTTGAGGGAGCTAAGCTTAACGTAGTTCTAACAG;+
MH822949.2 Virus del dengue tipo 2 aislado T90_S83_DENV2, genoma completo;AACTGTTAGTCTACGTGGACCGACAAAGACAGATTCTTCGAGGGAGCTAAGCTTAACGTAGTTCTAACAG;+
MH985858.1 Virus del dengue tipo 2 aislado SI 2016, genoma completo;AGTTGTTAGTCTACGTGGACCGACAAAGACAGATTCTTTGAGGAAGCTAAGCTTAACGTAGTTCTAACAG;+
MH985859.1 Virus del dengue tipo 2 aislado Van 2017, genoma completo;AGTTGTTAGTCTACGTGGACCGACAAAGACAGATTCTTTGAGGAAGCTAAGCTTAACGTAGTTCTAACAG;+
MF043956.1 Virus del dengue tipo 2, cepa DV01091, genoma completo;AGTTGTTAGTCTACGTGGACCGACAAAGACAGATTCTTTGAGGAAGCTAAGCTTAACGCAGTTTCTAACAG;+
KY937190.1 Virus del dengue tipo 2 aislado XLXY10594, genoma completo;AGTTGTTAGTCTACGTGGACCGACAAAGACAGATTCTTTGAGGGAGCTAAGCTTAACGTAGTTCTAACAG;+
KY937187.1 Virus del dengue tipo 2 aislado XSMY10589, genoma completo;AGTTGTTTAGCTACGTGGACCGACAAAGACAGATTCTTTGAGGGAGCTAAGCTTAACGTAGTTCTAACAG;+
KY937185.1 Virus del dengue tipo 2 aislado XZXM10610, genoma completo;AGTGGTTAAGGCTACGTGGACCGACAAAGACAGATTCTTTGAGGGAGCTAAGCTTAACGTAGTTCTAACAG;+
KY937186.1 Virus del dengue tipo 2 aislado XLLM10666, genoma completo;AGTTGTTAGGTTACGTGGACCGACAAAGACAGATTCTTTGAGGGAGCTAAGCTTAACGTAGTTCTAACAG;+
KY923048.1 Virus del dengue tipo 2, aislado D2Sab2015, genoma completo;AGTTGTTAGTCTACGTGGACCGACAAAGACAGTTTTCTTTGTGGAAGCTTTGGCTTAACGTAGTTCTAACAG;+
KY427084.1 Virus del dengue tipo 2 aislado RGCB880/2010, genoma completo;AGTTGTTAGTCTACGTGCACCGACAAAGACAGATTCTTTGAGGGAGCTAAGCTTAACGTAGTTCTAACAG;+
KY921904.1 Virus del dengue tipo 2 aislado SG(EHI)D2/09423Y14, genoma completo;AGTTGTTAGTCTGTGTGGACCGACAAAGACAGATTCTTCGAGGAAGCTAAGCTTAACGTAGTTCTAACAG;+
KU725664.1 Virus del dengue tipo 2, cepa PDK53, genoma completo;AGTTGTTAGTCTACGTGGACCGACAAAGACAGATTCTTTGAGGGAGCTAAGCTCAATGTAGTTCTAACAG;+
KT187554.1 Virus del dengue tipo 2 aislado DENV2/CN/GZDF571/2014, genoma completo;AGTTGTTAGTCTACGTGGACCGACAAAGACAGATTCTTTGGGGAAGCTAAGCTTAACGTAGTTCTAACAG;+
KP406804.1 Virus del dengue tipo 2 aislado DENV-2/KBPV-VR-29, genoma completo;AGTTGTTAGTCTACGTGGACCGACAAAGACAGATTCTTTGAGGGAGCAAAGCTCAACGTAGTTCTAACAG;+
KP723479.1 Virus del dengue 2 aislado DENV2/CN/GZ32/2010, genoma completo;AGTTGTTAGTCTACGTGGACCGACAAAGACAGATTCTTTGAGGAAGCTAAGCTTAACGTAGTTCTAACAG;+
KR779786.2 Virus del dengue tipo 2 aislado SG(EHI)D2/03157Y13, genoma completo;AGTTGTTAGTCTGTGTGGACCAACAAAGACAGACTCTTTGAGGAAGCTAAGCTTAACGTAGTTCTAACAG;+
KM279581.1 Virus del dengue 2, aislado DC380Y11, genoma completo;AGTTGTTAGTCTATGTGGACCAACAAAGACAGATTCTTTGAGGAAGCTAAGCTTAACGTAGTTCTAACAG;+
KM279544.1 Virus del dengue 2, aislado DC649Y12, genoma completo;AGTTGTTAGTCTATGTGGACCAACAAAGACAGATTCTTTGGGGAAGCTAAGCTTAACGTAGTTCTAACAG;+
KM279566.1 Virus del dengue 2, aislado DC793Y12, genoma completo;AGTTGTTAGTCTATGTGGACCAACAAAGACAGACTCTTTGAGGAAGCTAAGCTTAACGTAGTTCTAACAG;+
KM279582.1 Virus del dengue 2, aislado DC389Y11, genoma completo;AGTTGTTAGTCTATGTGGACCGACAAAGACAGACTCTTTGAGGAAGCTAAGCTTAACGTAGTTCTAACAG;+
KC762668.1 Virus del dengue 2 aislado MKS-IF014, genoma completo;AGTTGTTAGTCTACGTGGACCGACAAAGACAGATTCTTCGAGGAAGCTAAGCTTAACGTAGTTCTAACAG;+
KC762680.1 Virus del dengue 2 aislado MKS-WS80, genoma completo;AGTTGTTAGTCTACGTGGACCGACAAAGACAGATTCTTTGAGGAAGCTAGGCTTAACGTAGTTCTAACAG;+
KC762661.1 Virus del dengue 2 aislado MKS-0412, genoma completo;AGTTGTTAGGCTACGTGGACCGACAAAGACAGATTCTTTGAGGAAGCCAAGCTTAACGTAGTTCTAACAG;+
KJ918750.1 Virus del dengue 2, aislado P23085 INDI-60, genoma completo;AGTTGTTAGTCTACGTGGACCGACAAAGACAGATTCTTTGAGGGAGCTAAGCTCAACGTAGTTCTAACTG;+
KC294216.1 Virus del dengue 2 aislado DENV-2/PE/FSL699/2002, genoma completo;AGTTGTTAGTCTACGTGGACCGACAAAGACAGATTCTTTGAGGGAGCAAAGCTCAACGTGGTTCTAACAG;+
KC294217.1 Virus del dengue 2 aislado DENV-2/PE/FSL 4862/2010, genoma completo;AGTTGTTACGCTACGTGGACCGACAAAGACAGATTCTTTGAGGGAGCTAAGCTCAACGTAGTTCTAACAG;+
KC294201.1 Virus del dengue 2 aislado DENV-2/PE/FMD2303/2009, genoma completo;AGTTGTTAGTCTACGTGGACCGACAAAGACAGATTCTTTGAGGGAGCTAAGCTCAACGTAGTTCTAACAG;+
KF041232.1 Virus del dengue 2, aislado D2/Pakist n/2011-23/2011, genoma completo;AGTTGTTAGTCTGTGTGGACCGACAAAGACAGATTCTTTGAGGGAGCTAAGCTTAACGTAGTTCTAACAG;+
KF041234.1 Virus del dengue 2, aislado D2/Pakist n/2011-4/2011, genoma completo;AGTTGTTAGTCTGCGTGGACCGACAAAGACAGATTCTTTGAGGGAGCTAAGCTTAACGTAGTTCTAACAG;+
JX649147.1 Virus del dengue 2 aislado CNS36, genoma completo;TTGTTGTAGTCTACGTGGACCGACAAAGACAGATTCTTTGAGGGAGCTAAGCTCAACGTAGTTCTAACAG;+
JX966379.1 Virus del dengue 2 aislado DENV2-QR94, genoma completo;AGTTGTTAGTCTACGTGGACCGACAAAGACAGATTCTTTGAGGGAGCTAAGCTCAACGTAGTTCTAACTG;+
GQ398262.1 Virus del dengue 2, cepa DENV-2/ID/1127DN/1976, genoma completo;AGTAGTTAGTCTACGTGGACCGACAAAGACAGATTCTTTGAGGGAGCTAAGCTTAACGTAGTTCTAACAG;+
GQ398301.1 Virus del dengue 2, cepa DENV-2/PR/17DN/1995, genoma completo;AGTTGTTAGTCTACGTGGACCGACAAAGACAGATTCTTTTAGGGAGCAAAGCTCAACGTAGTTCTAACAG;+
GQ398309.1 Virus del dengue 2, cepa DENV-2/PR/1DN/1994, genoma completo;AGTAGTTAGTCTACGTGGACCGACAAAGACAGATTCTTTTAGGGAGCAAAGCTCAACGTAGTTCTAACAG;+
EU081178.1 Virus del dengue tipo 2, cepa D2/SG/05K3330DK1/2005, genoma completo;AGTAGTTAGTCTACGTGGACCGACAAAGACAGATTCTTTGAGGAAGCTAAGCTTAACGTAGTTCTAACAG;+
EU081179.1 Virus del dengue tipo 2, cepa D2/SG/05K4137DK1/2005, genoma completo;AGTAGTTAGTCTACGTGGACCGACAAAGACAGATTCTTTGAGGAAGCTAAGCTTAGCGTAGTTCTAACAG;+
EU179857.1 Virus del dengue tipo 2, aislado DS31-291005, genoma completo;AGTTGTTAGTCTACGTGCACCGACAAAGACAGATTCTTCGAGGAAGCTAAGCTTAACGTAGTTCTAACAG;+
EF457904.1 Virus del dengue tipo 2 aislado Dak Ar D75505, genoma completo;AGTTGTTAGTCTACGTGGACCGACAAAGAACAGTTTCTTTGAGGAAGCTTTGCTTTAACGTAGTTCTAACAG;+
DQ181799.1 Virus del dengue tipo 2, cepa ThD2_0017_98, genoma completo;AGTAGTTAGTCTACGTGGACCGACAAAGACAGATTCTTTGAGGGAGTTAAACTCAACGTAGTTCTAACAG;+
AY037116.1 Virus del dengue tipo 2, cepa TSV01, genoma completo;AGTTGTTAGTCTACGTGGACCGACAAAGACAGATTCTTTGAGGGAGCTAAGCTTAACGTAGTTCTAACAG;+
KC762656.1 Virus del dengue 2 aislado MKS-0502, genoma completo;AGTTGTTAGTCTACGTGGACCGACAAAGACAGATTCTTTGAGGAAGCTAAGCTTAACGTAGTTCTAACAG;+
NC_001475.2 Virus del dengue 3, genoma completo;AGTTGTTAGTCTACGTGGACCGACAAGAACAGTTTCGACTCGGAAGCTTGCTTAACGTAGTGCTGACAG;+
MN018373.1 Virus del dengue tipo 3, aislado D16006, genoma completo;AGTTGTTAGTCTACGTGGACCGACAAGAACAGTTTCGACTCGGAAGCTTGCTTAACGTAGTACTGACA;+
MN018369.1 Virus del dengue tipo 3, aislado D13146, genoma completo;AGTTGTTAGTCTACGTGGACCGACAAGAACAGTTTCGACTCGGAAGCTTGCTTAACGTAGTGCTGACAG;+
MN018381.1 Virus del dengue tipo 3, aislado D16016, genoma completo;AGTTGTTATTCTACGTGGACCGACAAGAACAGTTTCGACTCGGAAGCTTGCTTAACGTAGTGCTAACAG;+
MN018370.1 Virus del dengue tipo 3, aislado D15037, genoma completo;AGTTGTTAGTCTACGTGGACCGACAAGAACAGTTTCGACTCGGAAGCTTGCTTAGCGTAGTACTGACAG;+
MN018375.1 Virus del dengue tipo 3, aislado D151655, genoma completo;AGTTGTTAGTCTACGTGGACCGACAAGAACAGTTTCGACTCGGAAGCTCGCTTAACGTAGTGCTAACAG;+
MN018382.1 Virus del dengue tipo 3, aislado D16021, genoma completo;AGTTGTTATGCTACGTGGACCGACAAGAACAGTTTCGACTCGGAAGCTTGCTTAACGTGGTACTGACAG;+
MN018383.1 Virus del dengue tipo 3, aislado D14014, genoma completo;AGTTGTTTATCTACGTGGACCGACAAGAACAGTTTCGACTCGGAAGCTTGCTTAACGTAGTGCTGACAG;+
MN018385.1 Virus del dengue tipo 3, aislado D16154, genoma completo;AGTTGTTAAGTTACGTGGACCGACAAGAACAGTTTCGACTCGGAAGCTTGCTTAACGTAGTGCTAACAG;+
MN018387.1 Virus del dengue tipo 3, aislado D17139, genoma completo;AGTTGTTAGTCTACGTGGACCGACAAGAACAGTTTTTCACTCGGAGCTTGCTTAACGTAGTACTGACAG;+
MN018388.1 Virus del dengue tipo 3, aislado D17641, genoma completo;AGTTGTTAGTCTACGTGGACCGACAAGAACAGTTTCGACTCGGAAGCTTGCTTAACGTAGTACTAACAG;+
MN018376.1 Virus del dengue tipo 3, aislado D151658, genoma completo;AGTTGTTGGTCTACGTGGACCGACAAGAACAGTTTCGACTCGGAAGCTTGCTTAACGTAGTGCTAACAG;+
MH823209.1 Virus del dengue tipo 3 aislado SMD-031, genoma completo;AGTCTAAAGTCTACGTGGACCGACAAGAACAGTTTCAACTCGGAAGCTTGCTTAACGTAGTACTGACAG;+
MH822957.2 Virus del dengue tipo 3, cepa T38_S72, genoma parcial;AACTGTTAGTCTACGTGGACCGACAAGAACAGTTTCGACTCGGAAGCTTGCTTAACGTAGTGCTAACAG;+
MH544647.1 Virus del dengue tipo 3 aislado 449335_Boyaca_CO_2015, genoma completo;TGTTGTTAGTCTGCGTGGACCGACAAGAACAGTTTCGACTCGGAAGCTTGCTTAACGTAGTGCTAACAG;+
MH544651.1 Virus del dengue tipo 3 aislado 476947_Risaralda_CO_2016, genoma completo;AGTTGTTAGTCTGCGTGGACCGACAAGAACAGTTTCGACTCGGAAGCTTGCTTAACGTAGTGCTAACAGT;+
KY921907.1 Virus del dengue tipo 3 aislado SG(EHI)D3/15095Y15, genoma completo;AGTTGTTAGTCTGCGTGGACCGACAAGAACAGTTTCGACTCGGAAGCTTGCTTAACGTAGTGCTGACAG;+
KY921906.1 Virus del dengue tipo 3 aislado SG(EHI)D3/23167Y15, genoma completo;AGTTGTTAGTCTGCGTGGACCGACAAGAACAGTTTCAACTCGGAAGCTTGCTTAACGTAGTGCTGACAG;+
KR071622.1 Cepa del virus del dengue Hb25/CHN/2014, genoma completo;AGTTGTTAGTCTACGTGGACCGACAAGAACAGTTTCGAATCGGAAGCTTGCTTAACGTAGTTCTAACAG;+
KJ737429.1 Virus del dengue 3, cepa C0360/94, genoma completo;GGTTGTTAGTCTACGTGGACCGACAAGAACAGTTTCGACTCGGAAGCTTGCTTAACGTAGTGCTGACAG;+
KP772252.1 Cepa del virus del dengue Hb22/CHN/2014, genoma completo;AGTTGTTAGTCTACGTGGACCGACAAGAACAGTTTCGAATCGGAAGCTTGCTTAACGTAGTTCTGACAG;+
KC762688.1 Virus del dengue 3 aislado MKS-2006, genoma completo;AGTTGTTAGTCTACGTGGACCGACAAGAACAGTTTCGACTCGGAAGTTTGCTTAACGTAGTACTGACAG;+
KF973485.1 Virus del dengue 3 aislado DENV-3/NI/BID-V7674/2011, genoma completo;AGTTGTTAGCTCTACGTGGACCGACAAGAACAGTTTCGACTCGGAAGCTTGCTTAACGTAGTGCTAACAG;+
JF808121.1 Virus del dengue 3, aislado D3BR/ACN/2007, genoma completo;AGTTGTTAGTCTACGTGGACCGACAAGAACAGTTTCGACTCGGGAGCTTGCTTAACGTAGTGCTAACAG;+
JF808122.1 Virus del dengue 3, aislado D3PY/SUS/2003, genoma completo;AGTTGTTAGTCTACGTGGACCGACAAGAACAGTTTCGAATCGGAAGCTTGCTTAACGTAGTGCTAACAG;+
KF041254.1 Virus del dengue 3, aislado D3/Pakist n/56/2008, genoma completo;AGTTGTTAGTCTGTGTGGACCGACAAGAACAGTTTCGACTCGGAAGCTTGCTTAACGTAGTGCTAACAG;+
JF937632.1 Virus del dengue 3 aislado DENV-3/NI/BID-V4750/2009, genoma completo;TGTTGCGTGTCTCAGTGGACCGACAAGAACAGTTTCGACTCGGAAGCTTGCTTAACGTAGTGCTAACAG;+
EU367962.1 Virus del dengue 3 aislado 07CHLS001, genoma completo;AGTTGTTAGTCTACGTGGACCGACAAGAACAGTTTCGACTCGGAAGCTTGCTTAACGTAGTGCTAACAG;+
EU081181.1 Virus del dengue tipo 3, cepa D3/SG/SS710/2004, genoma completo;AGTTGTTAGTCTACGTGGACCGACAAGAACAGTTTCGATTCGGAAGCTTGCTTAACGTAGTGCTGACAG;+
EU081212.1 Virus del dengue tipo 3, cepa D3/SG/05K3927DK1/2005, genoma completo;AGTTGTTAGTCTACGTGGACCGACAAGAACAGTTTCGATTCGGAAGCTTGCTTAACGTAGTACTGACAG;+
DQ675525.1 Virus del dengue tipo 3 aislado 98TW368, genoma completo;AGTTGTTAGTCTGCGTGGACCGACAAGAACAGTTTCGACTCGGAAGCTTGCTTAACGTAGTGCTGACAG;+
AY858041.2 Virus del dengue 3 cepa FW06, genoma completo;AGTTGTTAGTCTACGTGGACCGACAAGAACAGTTTCAACTCGGAAGCTTGCTTAACGTAGTGCTGACAG;+
AY679147.1 Virus del dengue tipo 3, cepa BR74886/02, genoma completo;AGTTGTTAATCTACGTGGACCGACAAGAACAGTTTCGACTCGGAAGCTTGCTTAACGTAGTGCTAACAG;+
NC_002640.1 Virus del dengue 4, genoma completo;AGTTGTTAGTCTGTGTGGACCGACAAGGACAGTTCCAAATCGGAAGCTTGCTTAACACAGTTCTAACAG;+
MN018391.1 Virus del dengue tipo 4, aislado D15047, genoma completo;AGTTGTTAGTCTGTGTGGACCGACAAGGACAGCTCCAAATCGGAAGCTTGCTTAACACAGTTCTGACAG;+
MN018394.1 Virus del dengue tipo 4, aislado D151435, genoma completo;AGTTGTTAGTCTGTGTGGACCGACAAGGACAGTTCCAAATCGGAAGCTTGCTTAACGCAGTTCTAACAG;+
MN018398.1 Virus del dengue tipo 4, aislado D16039, genoma completo;AGTTGTTAGTCTGTGTGGACCGACAAGGACAGTTCTAAATCGGAAGATTGCTTAACACAGTTCTAACAG;+
MK514144.1 Virus del dengue tipo 4 aislado Homo sapiens/Hait¡-0075/2015, genoma completo;AGTTGTTAGTCTGTGTGGACCGACAAGGACAGTTCCAAATCGGAAGCTTGCTTAACACAGTTCTAACAG;+
KY672956.1 Virus del dengue tipo 4 aislado DENV-4/China/YN/15DGR9 (2015), genoma completo;AAGTTGTTAGTCTGTGTGGACCGACAAGGACAGTTCCAAATCGGAAGCTTGCTTAACACAGTTCTAACAG;+
MH823210.1 Virus del dengue tipo 4, aislado JMB-006, genoma completo;AGTTGTCAGTCTGTGTGGACCGACAAGGACAGTTCCAAATCGGAAGCTTGCTTAACACAGTTCTGACAG;+
MH382789.1 Virus del dengue tipo 4, aislado PNG 2016a, genoma completo;AGTTGTTAGTCTGTGTGGACCGACAAGGACAGTTCCAAATCGGAAGCTTGCTTAACACAGTTCTAACAG;+
MG272272.1 Virus del dengue tipo 4, aislado D4/IND/PUNE/IRSHA-FG-01 (1028), genoma completo;AGTTGTTAGTCTGTGTGGACCGACAAGGACAGTTCCAAATCGGAAGCTTGCTTAACACAGTTCTAACAG;+
MG272273.1 Virus del dengue tipo 4, aislado D4/IND/PUNE/IRSHA-FG-02 (S-41), genoma completo;AGTTGTTAGTCTGTGTGGACCGACAAGGACAGTTCTAAATCGGAAGCTTGCTTAACACAGTTCTAACAG;+
KY921909.1 Virus del dengue tipo 4 aislado SG(EHI)D4/09291Y16, genoma completo;AGTTGTTAGTCTGCGTGGACCGACAAGGACAGTTCCAAATCGGAAGCTTGCTTAACACAGTTCTAACAG;+
KY921910.1 Virus del dengue tipo 4 aislado SG(EHI)D4/04645Y16, genoma completo;AGTTGTTAGTCTGTGTGGACCGACAAGGACAGTTCCAAATCGGAAGCTTGCTTAACACAGTTCTAACAG;+
KX224312.2 Virus del dengue tipo 4 aislado SG(EHI)D4/02990Y14, genoma completo;AGTTGTTAGTCTGTGTGGACCGACAAGGACAGTTCCAAATCGGAAGCTTGCTTAACACAGTTCTAACAG;+
KU513442.1 Virus del dengue tipo 4, aislado TVP/360, genoma completo;AGTTGTTAGTCTGTGTGGACCGACAAGGACAGTTCCAAATCGGAAGCTTGCTTAACACAGTTCTAACAG;+
KU513441.1 Virus del dengue tipo 4 aislado LRV13/422, genoma completo;AGTTGTTAGTCTGTGTGGACCGACAAGGACAGTTCCAAATCGGAAGCTTGCTTAACACAGTTCTAACAG;+
KJ596663.1 Virus del dengue tipo 4 cepa DENV-4/MT/BR48_TVP17934/2012 aislado suero_48, genoma completo;AGTTGTTAGTCTGTGTGGACCGACGAGGACAGTTCCAAATCGGAAGCTTGCTTAACACAGTTCTAACAG;+
KJ596669.1 Virus del dengue tipo 4 cepa DENV-4/MT/BR73_TVP17951/2012 aislado suero_73, genoma completo;AGTTGTTAGTCTGTGTGGACCGACAAAGACAGTTCCAAATCGGAAGCTTGCTTAACACAGTTCTAACAG;+
KP723482.1 Virus del dengue 4 aislado DENV4/CN/GZ29/2010, genoma completo;AGTTGTTAGTCTGTGTGGACCGACAGGGACAGTTCCAAATCGGAAGCTTGCTTAACACAGTTCTAACAG;+
KC762698.1 Virus del dengue 4, aislado MKS-2007, genoma completo;AGTTGTTAGTCTGTGTGGACCGACAAGGACAGTTCCAAATCGGAAGCTTGCTTAACACAGTTCTAACAG;+
HQ332175.1 Virus del dengue 4 cepa VE_61013_2007, genoma completo;AGTTGTTAGTCTGTGTGGACCGACAAGGACAGTTCCAAATCGGAAGCTTGCTTAACACAGTTCTAACAG;+
JF262780.1 Virus del dengue 4, aislado P73-1120, genoma completo;AGTTGTTAGTCTGTGTGGACCGACAAGGACAGTTCCGAATCGGAAGCTTGCTTAACACAGTTCTAACAG;+
AY618993.1 Virus del dengue tipo 4, cepa ThD4_0734_00, genoma completo;AGTTGTTAGTCTGTGTGGACCGACAAGGACAGTTCCAAATCGGAAGCTTGCTTAACATAGTTCTAACAG;+
AY618988.1 Virus del dengue tipo 4, cepa ThD4_0476_97, genoma completo;AGTTGTTAGTCTGTGTGGACCGACGAGGACAGTTCCAAATCGGAAGCTTGCTTAACACAGTTCTAACAG;+
NC_035889.1 Aislado del virus Zika ZIKV/H. sapiens/Brasil/Natal/2015, genoma completo;AGTTGTTGATCTGTGTGAATCAGACTGCGACAGTTCGAGTTTGAAGCGAAAGCTAGCAACAGTATCAACAGG;+
NC_012532.1 Virus Zika, genoma completo;AGTTGTTGATCTGTGTGAGTCAGACTGCGACAGTTCGAGTCTGAAGCGAGAGCTAACAACAGTATCAACAGG;+
MK713748.1 Aislado del virus Zika PRVABC59, genoma completo;GTTGTTGATCTGTGTGAATCAGACTGCGACAGTTCGAGTTTGAAGCGAAAGCTAGCAACAGTATCAACAGGG;+
MH882543.1 Aislado del virus Zika Virus Zika/H.sapiens-wt/BRA/2016/ZKV19Auri_2016-05-05, genoma completo;GTTGATCTGTGTGAATCAGACTGCGACAGTTCGAGTTTGAAGCGAAAGCTAGCAACAGTATCAACAGG;+
MH882546.1 Aislado del virus Zika Virus Zika/H.sapiens-wt/BRA/2016/ZKV19Dsem_2016-05-24, genoma completo;TTGATCTGTGTGAATCAGACTGCGACAGTTCGAGTTTGAAGCGAAAGCTAGCAACAGTATCAACAGG;+
MF510857.1 Aislado del virus Zika Virus Zika/Aedes taylori/Senegal/1984/DakAr41667, genoma completo;TGTTGATCTGTGTGAATCAGACTGCGACAGTTCGAGTTTGAAGCGAGAGCTAACAACAGTATCAACAGG;+
MG807647.1 Aislado del virus Zika SI-BKK06, genoma completo;AGTTGTTGATCTGTGTGAATCAGACTGCGACAGTTCGAGTTTGAAGCGAAAGCTAGCAACAGTATCAACAGG;+
MG758785.1 Aislado del virus Zika 41525, genoma completo;AGTTGTTGATCTGTGTGAATCAGACTGCGACAGTTCGAGTTTGAAGCGAGAGCTAACAACAGTATCAACAGG;+
MF794971.1 Cepa del virus Zika ZIKV/EC/Esmeraldas/121/2016, genoma completo;GAGTTGTTGATCTGTGTGAATCAGACTGCGACAGTTCGAGTTTGAAGCGAGAGCTAGCAACAGTATCAACAGG;+
MF352141.1 Aislado del virus Zika PE243, genoma completo;CTCTTCCGATCTGTGTGAATCAGACTGCGACAGTTCGAGTTTGAAGCGAAAGCTAGCAACAGTATCAACAGG;+
KY989971.1 Aislado del virus Zika FLA, genoma completo;GGTTGTTGATCTGTGTGAATCAGACTGCGACAGTTCGAGTTTGAAGCGAAAGCTAGCAACAGTATCAACAGG;+
KX051560.1 Aislado del virus Zika SK364/13AS, genoma completo;GATCTGTGTGAATCAGACTGCGACAGTTCGAGTTTGAAGCGAAAGCTAGCAACAGTATCAACAGG;+
KX051562.1 Aislado del virus Zika SV0010/15, genoma completo;GATCTGTGTGAATCAGACTGCGACAGTTCGAGTTTGAAGCGAGAGCTAACAACAGTATCAACAGG;+
KY288905.1 Cepa MP1751 del virus Zika, genoma completo;GTTGTTGATCTGTGTGAATCAGACTGCGACAGTTCGAGTTTGAAGCGAGAGCTAACAACAGTATCAACAGG;+
KX197205.1 Aislado del virus Zika 9, genoma completo;TCTGTGTGAATCAGACTGCGACAGTTCGAGTTTGAAGCGAAAGCTAGCAACAGTATCAACAGG;+
KX446950.2 Cepa del virus Zika ZIKV/Aedes.sp/MEX/MEX_2-81/2016, genoma completo;TGTGTGAATCAGACTGCGACAGTTCGAGTTTGAAGCGAAAGCTAGCAACAGTATCAACAGG;+
KX117076.1 Aislado del virus Zika Zhejiang04, genoma completo;GTTGTTTCTGTGTGAATCAGACTGCGACAGTTCGAGTTTGAAGCGAAAGCTAGCAACAGTATCAACAGG;+
KU870645.1 Aislado del virus Zika FB-GWUH-2016, genoma completo;CTGTGTGTGAATCAGACTGCGACAGTTCGAGTTTGAAGCGAAAGCTAGCAACAGTATCAACAGG;+
KU497555.1 Aislado del virus Zika Brasil-ZKV2015, genoma completo;CCAATCTGTGAATCAGACTGCGACAGTTCGAGTTTGAAGCGAAAGCTAGCAACAGTATCAACAGG;+
NC_009942.1 West Nile virus lineage 1, complete genome;AGTAGTTCGCCTGTGTGAGCTGACAAACTTAGTAGTGTTTGTGAGGATTAACAACAATTAACACAGTGCGAG;+
NC_001563.2 West Nile virus lineage 2, complete genome;AGTAGTTCGCCTGTGTGAGCTGACAAACTTAGTAGTGTTTGTGAGGATTAACAACAATTAACACAGTGCGAG;+
MN149538.1 West Nile virus strain Tomsk/bird/2006/A4, complete genome;TGTTGTTTGCCTGTGTGAGCTGACAAACTTAGTAGTGTTTGTGAGGATTAACGACAATTAACACAGTGCGAG;+
MH924836.1 West Nile virus isolate ED-I-33/18-UM, complete genome;GGAGTAGTTCGCCTGTGTGAGCTGACAAACTTAGTAGTGTTTGTGAGGATTAATAACAATTAACACAGTGCGA;+
MH166890.1 West Nile virus strain VA_SP_5645-06, complete genome;AGTAGTTCGCCTGTGTGAGCTGACAAACTTAGTAGTGTTTGTGAGGATTAATAACAATTAACACAGTGCGAG;+
MH166891.1 West Nile virus strain VA_1660, complete genome;AGTTCGCCTGTGTGAGCTGACAAACTTAGTAGTGTTTGTGAGGATTAATAACAATTAACACAGTGCGAGC;+
MH166892.1 West Nile virus strain VA_SP_1202-08, complete genome;AGTTCGCCTGTGTGAGCTGACAAACTTAGTAGTGTTTGTGAGGATTAACAACAATTAACACAGTGCGAGC;+
MH170240.1 West Nile virus strain CO 08-13382, complete genome;TAGTTCGCCTGTGTGAGCTGACAAACTTAGTAGTGTTTGTGAGGATTAACAACAATTAACACAGTGCGAG;+
MH170257.1 West Nile virus strain GA lwn 50 4936, complete genome;GTAGTTCGCCTGTGTGAGCTGACAAACTTAGTAGTGTTTGTGAGGATTAACAACAATTAACACAGTGCGA;+
MH166882.1 West Nile virus strain VA_AV_321-00, complete genome;GTAGTTCGCCTGTGTGAGCTGACAAACTTAGTAGTGTTTGTGAGGATTAACAACAATTAACACAGTGCGAG;+
MH170226.1 West Nile virus strain Laco 3008, complete genome;GTTCGCCTGTGTGAGCTGACAAACTTAGTAGTGTTTGTGAGGATTAACAACAATTAACACAGTGCGAGCT;+
MF984344.1 West Nile virus strain Goshawk/Austria/2015 (Bi1/15), complete genome;GTTCGCCTGTGTGAGCTGACAAACTTAGTAGTGTTTGTGAGGATTAATAACAATTAACACAGTGCGAGC;+
MF984348.1 West Nile virus strain Blood donor 3/Austria/2016 (BD3/16), complete genome;GTTCGCCTGTGTGAGCTGACAAACTTAGTAGTGTTTGTGAGGATTAATAACAATTAACATAGTGCGAGC;+
MF984346.1 West Nile virus strain Blood donor 1/Austria/2016 (BD1/16), complete genome;GTTCGCCTGTGTGAGCTGACAAACTTAGTAGTGTTTGTGAGGATTAATAACAATCAACACAGTGCGAGC;+
KY216149.1 West Nile virus isolate 121, complete genome;TCGCCTGTGCGAGCTGACAAACTTAGTAGTGTTTGTGAGGATTAATAACAATTAACACAGTGCGAGC;+
KY216153.1 West Nile virus isolate 557, complete genome;CGCCTGTGTGAGCTGACAAACTTAGTAGTGTTTGTGAGGATTAACAACAATTAACACAGTGCGAGC;+
KY229071.1 West Nile virus isolate 737, complete genome;CGCCTGTGTGAGCTGACAAACTTAGTAGTGTTTGTGAGGATTAATAACGATTAACACAGTGCGAGC;+
KY229068.1 West Nile virus isolate 653, complete genome;CGCCTGTGTGAGCTGACAAACTTAGTAGTGTTTGTGAGGATTAATAACAATTAACACAGTGCGAG;+
KY229072.1 West Nile virus isolate 789, complete genome;TCGCCTGTGTGAGCTGACAAACTTAGTAGTGTTTGTGAGGATTAACAACAATTAACACAGTGCGAGC;+
KY229073.1 West Nile virus isolate 875, complete genome;GCCTGTGTGAGCTGACAAACTTAGTAGTGTTTGTGAGGATTAACAACAATTAACACAGTGCGAGC;+
KY216150.1 West Nile virus isolate 382, complete genome;TCGCCTGTGTGAGCTGACAAACTTAGTAGTGTTTGTGAGGATTAATAACAATTAACACAGTGCGAGC;+
KU588135.1 West Nile virus isolate camel, complete genome;GAGTAGTTCGCCTGTGTGAGCTGACAAACTTAGTAGTGTTTGTGAGGATTAATAATAATTAACACAG;+
KR868734.1 West Nile virus isolate FtC-3699, complete genome;AGTAGTTCGCCTGTGTGAACTGACAAACTTAGTAGTGTTTGTGAGGATTAATAACAATTAACACAG;+
KT163243.1 West Nile virus isolate 68856-ICDC-4, complete genome;AGTAGTTCGCCTGTGTGAGCTGACAAACTTAGTAGTGTTTGTGAGGATTAACAACAATTAACACGGTGCGAG;+
KJ786934.1 West Nile virus isolate NY2001-6263, complete genome;ACAGTTCGCCTGTGTGAGCTGACAAACTTAGTAGTGTTTGTGAGGATTAACAACAATTAACACAGTGCGAGC;+
KJ786936.1 West Nile virus isolate TX8759, complete genome;GTAGTTCGCCTGTGTGAACTGACAAACTTAGTAGTGTTTGTGAGGATTAATAACAATTAACACAGTGCGAGC;+
KJ786935.1 West Nile virus isolate TX8779, complete genome;GTAGTTCGCCTGTGTGAACTGACAAACTTAGTAGTGTTTGTGAGGATTAACAACAATTAACGCAGTGCGAGC;+
KJ501461.1 West Nile virus isolate WNV-1/US/BID-V6440/2005, complete genome;AGTAGTTCGCCTGTGTGAGCTGACAAACTTAGTAGTGTTTGTGAGGATTAACAACAATTAACACAGTGCGAGC;+
KJ501106.1 West Nile virus isolate WNV-1/US/BID-V7394/2008, complete genome;AGTAGTTCGCCTGTGTGAGCTGACAAACTTAGTAGTGTTTGTGAGGATTAACAACAATTAACACAGTGCAAGC;+
KJ501226.1 West Nile virus isolate WNV-1/US/BID-V7791/2012, complete genome;AGTAGTTCGCCTGTGTGAACTGACAAACTTAGTAGTGTTTGTGAGGATTAACAACAATTAACACAGTGCGAGC;+
KJ501323.1 West Nile virus isolate WNV-1/US/BID-V6486/2003, complete genome;AGTACTTCGACTGTGTGAGCTGACAAACTTAGTAGTGTTTGTGAGGATTAACAACAATTAACACAGTGCGAGC;+
KJ501342.1 West Nile virus isolate WNV-1/US/BID-V6524/2005, complete genome;AGTAGTTCGCCTGTGTGAGCTGACAAACTTAGTAGTGTTTGTGAGGATTGACAACAATTAACACAGTGCGAGC;+
KJ501398.1 West Nile virus isolate WNV-1/US/BID-V6656/2004, complete genome;AGTAGTTCGCCTGTGTGAGCTGACAAACTTAGTAGTGTTTGTGAGGATTAACAACAATTAACACAGTGCGAGC;+
KJ501403.1 West Nile virus isolate WNV-1/US/BID-V6663/2005, complete genome;AGTAGTTCGCCTGTGTGAGCTGACAAACTTAGTAGTGTTTGTGAGGATTAACAACAATTAACACAGTGCGAGC;+
KJ501220.1 West Nile virus isolate WNV-1/US/BID-V6602/2012, complete genome;GTAGTTCGCCTGTGTGAACTGACAAACTTAGTAGTGTTTGTGAGGATTAACAACAATTAACACAGTGCGAGC;+
KJ501308.1 West Nile virus isolate WNV-1/US/BID-V6456/2010, complete genome;AGTTCGCCTGTGTGAACTGACAAACTTAGTAGTGTTTGTGAGGATTAATAACAATTAACACAGTGCGAGC;+
KJ501129.1 West Nile virus isolate WNV-1/US/BID-V7418/2004, complete genome;AGTAGTTCACCTGTGTGAGCTGACAAACTTAGTAGTGTTTGTGAGGATTAACAACAATTAACACAGTGCGAGC;+
KJ501096.1 West Nile virus isolate WNV-1/US/BID-V7383/2011, complete genome;AGTAGTTCGCCTGTGTGAGCTGACAAACTTAGTAGTGTTTGTGAGGATTAACAACGATTAACACAGTGCGAG;+
KJ501532.1 West Nile virus isolate WNV-1/US/BID-V7816/2012, complete genome;TAGTAGTTCGCCTGTGTGAGCTGACAAACTTAGTAGTGTTTGTGAGGATTAATAACAATTAACACAGTGCGAGC;+
KJ501539.1 West Nile virus isolate WNV-1/US/BID-V7823/2011, complete genome;AAGTAGTTCGCCTGTGTGAGCTGACAAACTTAGTAGTGTTTGTGAGGATTGACAACAATTAACACAGTGCGAGC;+
KJ501333.1 West Nile virus isolate WNV-1/US/BID-V6510/2002, complete genome;AGTAGTTCGCCTGTGTGAGCTGACAAACTTAGTAGTGTTTGTGAGGATTAACAACAATTAACACAGTGCGAGC;+
KJ501411.1 West Nile virus isolate WNV-1/US/BID-V6673/2008, complete genome;AGTAGTTCGCCTGTGTGAGCTGACAAACTTAGTAGTGTTTGTGAGGATTAACGACAATTAACACAGTGCGAGC;+
KJ501422.1 West Nile virus isolate WNV-1/US/BID-V6690/2004, complete genome;AGTAGTTCGCCTGTGTGAGCTGACAAACTTAGTAGTGTTTGTGAGGATTAACAATAATTAACACAGTGCGAGC;+
KJ501217.1 West Nile virus isolate WNV-1/US/BID-V6597/2012, complete genome;GTAGTTCGCCTGTGTGAACTGACAAACTTAGTAGTGTTTGTGAGAATTAACAACAATTAACACAGTGCGGGC;+
KJ501414.1 West Nile virus isolate WNV-1/US/BID-V6678/2005, complete genome;AGTAGTTCGCCTGTGTGAGCTGACAAACTTAGTAGTGTTTGTGAGGATTAACAACAATTAACACAGTGCGAGC;+
KJ501098.1 West Nile virus isolate WNV-1/US/BID-V7386/2011, complete genome;AGTTCGCCTGTGTGAACTGACAAACTTAGTAGTGTTTGTGAGGATTAACAACAATTAACACAGTGCGAGC;+
KJ501536.1 West Nile virus isolate WNV-1/US/BID-V7820/2011, complete genome;AAGTAGTTCGCCTGTGTGAGCTGACAAACTTAGTAGTGTTTGTGAGGATTAACAACAATTAACACAGTGCGAGC;+
KJ145827.1 West Nile virus isolate WNV-1/US/BID-V6056/2010, complete genome;AGTAGTTCGCCTGTGTGAGCTGACAAACTTAGTAGTGTTTGTGAGGATTAATAACAATTAACACAGTGCGAGC;+
KF647248.1 West Nile virus strain Italy/2013/Rovigo/34.1, complete genome;AGTAGTTCGCCCGTGTGAGCTGACAAACTTAGTAGTGTTTGTGAGGATTAATAACAATTAACACAGTGCGAGC;+
KF234080.1 West Nile virus strain Italy/2009/FIN, complete genome;AGTTGTTCGCCTGTGTGAGCTGACAAACTTAGTAGTGTTTGTGAGGATTAACAACAATTAACACAGTGCGAGC;+
JQ700441.1 West Nile virus isolate BSL24-11, complete genome;AGTAGTTCGCCTGTGTGAGCTGACAGACTTAGTAGTGTTTGTGAGGATTAACAACAATTAACACAGTGCGAGC;+
JF957169.1 West Nile virus isolate CO4-07, complete genome;AGTAGTTCGCCTGTGTGAGCTGACAAACTTAGTAGTGTTTGTGAGAATTAACAACAATTAACACAGTGCGAGC;+
JF957182.1 West Nile virus isolate BSL24-09, complete genome;AGTAGTTCGCCTGTGTGAGCTGACAAACTTAGTAGTGTTTGTGAGGATTAACAACAATTAACACAGTGCGAGC;+
JF957179.1 West Nile virus isolate BSL18-09, complete genome;AGTAGTTCGCCTGTGTGAGCTGACAAACTTAGTAGTGTTTGTGAGGATTAATAATAATTAACACAGTGCGAGC;+
JX041632.1 West Nile virus strain Ig2266, complete genome;AGTAGTTCACCTGTGTGAGCTGACAAACTTAGTAGTGTTTGTGAGGATTGTGAACAATTAACACAGTGTGAGC;+
JF415923.1 West Nile virus isolate M37906, complete genome;AGTAGTTCGCCTGTGTGAGCTGACAAACTTAGTAGTGTTTGTGAGGATAACAACAATTAACACAGTGCGAGC;+
JF415925.1 West Nile virus isolate M38488, complete genome;AGTAGTTCGCCTGTGTGAGCTGACAAACTTAGTAGTGTTTGTGAGGATTAACAACAATTAGCACAGTGCGAGC;+
JF415926.1 West Nile virus isolate M20140, complete genome;AGTAGTTCGCCTGTGTGAGCTGACAAACTTAGTAGTGTTTGTGGAGATTAACAACAATTAACACAGTGCGAGC;+
JF920735.1 West Nile virus isolate WNV-1/US/BID-V5205/2006, complete genome;AGTAGTTCGCCTGTGTGAGCTGACAAACTTAGTAGTGTTGTGAGGATTAACAACAATTAACACAGTGCGAGC;+
JF899531.1 West Nile virus isolate WNV-1/Mus/BID-V4979/serum, complete genome;AGTAGTTTCGCCTGTGTGAGCTGACAAACTTAGTAGTGTTTGTGAGGATTAACAACAATTAACACAGTGCGAG;+
HM488171.1 West Nile virus isolate WNV-1/US/BID-V4560/2003, complete genome;CAGTAGTTCGCCTGTGTGAGCTGACAAACTTAGTAGTGTTTGTGAGGATTAACAACAATTAACACAGTGCGAGC;+
HM488238.1 West Nile virus isolate WNV-1/US/BID-V4623/2008, complete genome;AGTAGTTCGCCTGTGTGAGCTGACAAACTTAGTAGTGTTTGTGAGGATTGATACCAATTAACACAGTGCGAGC;+
HM756651.1 West Nile virus isolate WNV-1/US/BID-V4584/2003, complete genome;TTCGCCTGTGTGAGCTGACAAACTTAGTAGTGTTTGTGAGGATTAACAACAATTAACACAGTGCGAGCTG;+
GQ379161.1 West Nile virus strain ArEq003, complete genome;AGTAGTTCGCCTGTGTGAGCTGACAAACTTAGTAGTGTTTGTGAGGATTAAAAACAATTAACACAGTGCGAGC;+
EU249803.1 West Nile virus strain 68856, complete genome;AGTAGTTCGCCTGTGTGAGCTGACAAACTTAGTAGTGTTTGTGAGGATTAACAACAATTCACACGGTGCGAGC;+
EU155484.1 West Nile virus strain OK03, complete genome;GGAATTCGATCTGTGTGAGCTGACAAACTTAGTAGTGTTTGTGAGGATTAACAACAATTAACACAGTGCGAGC;+
DQ256376.1 West Nile virus strain 804994, complete genome;AGTAGTTCGCCTGTGTGAGCTGACAAACTTAGTAGTGTTTGTGAGGATTATGAACAATTAACACAGTGTGAGC;+
DQ176636.2 West Nile virus strain Madagascar-AnMg798, complete genome;AGTAGTTCGCCTGTGTGAGCTGACAAACTTAGTAGTGTTTGTGAGGATTACAACAATTAACACAGTGCGAGC;+
DQ164206.1 West Nile virus isolate TX 2004 Harris 4, complete genome;AGTAGTTCGCCTGTGTGAGCTGACAAACTTAGTAGTGTTTGTGAGGATTAACAACAATTAACACAGTGCGGGC;+
AY765264.1 West Nile virus strain Rabensburg isolate 97-103, complete genome;AGAAGTTCGTCTGCGTGAGCTGACAAACTTAGTAGTGTTTGTGAGGATTATCAACAATTAATACAGTGTGAGC;+
AY660002.1 West Nile virus isolate Mex03 from Mexico, complete genome;AGTAGTTCGCCTGTGTGAGCTGACAAACTTAGTAGTGTTTGTGAGGATTGACAACAATTAACACAGTGCGGGC;+
AY532665.1 West Nile virus strain B956 polyprotein gene, complete genome;AGTAGTTCGCCTGTGTGAGCTGACAAACTTAGTAGTGTTTGTGAGGATTAACAACAATTAACACTGTGCGAGC;+
AY688948.1 West Nile virus strain Sarafend, complete genome;AGTAGTTCGTCTGTGTGAGCTGACAAACTTAGTAGTGTTTGTGAGGATTAATAACAATTAACACAGTGCGAGC;+
MK558811.1 Japanese encephalitis virus strain ZJ/52/14, complete genome;AGAAGTTCACACAGATAAACTTCTTGGCTTAGTATCGTTGAGAAGAATCGAAAGATTAGTGCAGTTTAAACAG;+
MN639770.1 Japanese encephalitis virus isolate JEV1805M, complete genome;AGAAGTTTATCTGTGTGGAGTTCTTGGCTTAGTATCGTAGAGAAGAATCGAGAGATTAGTGCAGTTTATACAG;+
MK585066.1 Japanese encephalitis virus strain SA14-14-2, complete genome;AGAAGTTTATCTGTGTGAACTTCTTGGCTTAGTATCGTAGAGAAGAATCGAGAGATTAATGCAGTTTAAACAG;+
MH753127.1 Japanese encephalitis virus strain SD12, complete genome;AGAAGTTTATCTGTGTGAACTTCTTGGCTTAGTATCGTTGAGAAGAATCGAGAGATTAGTGCAGTTTAAACAG;+
MH753132.1 Japanese encephalitis virus strain SH18, complete genome;AGAAGTTTATCTGTGTGAACTTCTTGGCTTAGTATCGTTGAGAAGAATCGAGAGATTAGTGCAGTTTAAACAG;+
MH385014.1 Japanese encephalitis virus strain JEV/mosq/YN/2016, complete genome;AGAAGTTTATCTGTGTGAACTTCTTGGCTTAGTATCGTTGAGAAGAATCGAGAGATTAGTGCAGTTTAAACAG;+
MH165313.1 Japanese encephalitis virus strain seal/china/anheal/2017, complete genome;AGAAGTTTATCTGTGTGAACTTCTTGGCTTAGTATCGATGAGAAGAATGGAGAGATTAGTGCAGTTTAAACAG;+
MH258852.1 Japanese encephalitis virus isolate SA14-14-2, complete genome;AGAAGTTTATCTGTGTGAACTTCTTGGCTTAGTATCGTAGAGAAGAATCGAGAGATTAGTGCAGTTTAAACAG;+
KY650726.1 Japanese encephalitis virus isolate ZJ10-7, complete genome;AGAAGTTTATCTGTGTGGACTTCTTGGCTTAGTATCGTTGAGAAGAATCGAAAGATTAGTGCAGTTTAAACAG;+
MF124316.1 Japanese encephalitis virus clone SCYA201201-0901-SN5, complete genome;AGAAGTTTATCTGTGTGAACTTCTTGGCTTAGTATCGTTGAGGAGAATCGAAAGATTAGTGCAGTTTAAACAG;+
KT239164.1 Japanese encephalitis virus isolate Vellore P20778-T, complete genome;AGAAGTTTATCTGTGTGAACTTCTTGGCTTAGTATTGTTGAGGAGAATCGAGAGATTAGTGCAGTTTAAACAG;+
KT957419.1 Japanese encephalitis virus strain YNTC07172, complete genome;AGAAGTTTTATCGTGTGAACTTCTTGGCTTAGTATCGTTGAGAAGAATCGAGAGATTAGTGCAGTTTAAACAG;+
KT957421.1 Japanese encephalitis virus strain DH10M585, complete genome;AGAAGTTTTAACGTGTGAACTTCTTGGCTTAGTATCGTCGAGAGAGATCGAGAGATTAGTGCAGTTTAAACAG;+
KT957422.1 Japanese encephalitis virus strain M28, complete genome;AGAAGTTTAATCGTGTGAACTTCTTGGCTTAGTATCGTTGAGAAGAATCGAGAGATTAGTGCAGTTTAAACAG;+
KP164498.2 Japanese encephalitis virus isolate JEV/SW/IVRI/395A/2014, complete genome;AGAAGTTTATCTGTGTGAACTTCTTGGCTTAGTATCGTTGAGAAGAATCCAGAGATTAGTGCAGTTTAAACAG;+
KT229572.1 Japanese encephalitis virus strain DH10M865, complete genome;AGAAGTTTTAACTGTGTGACTTCTTGGCTTAGTATCGTTGAGAAGAATCGAGAGATTAGTGCAGTTTAAACAG;+
KT229575.1 Japanese encephalitis virus strain DHL10M62, complete genome;AGAAGTTTTTTTTGTGTGACTTCTGGGCTTAGTATCGTTGAGAAGAATCGAGAGATTAGTGCAGTTTAAACAG;+
KM677246.1 Japanese encephalitis virus isolate Tengah, complete genome;AGAAGTTTATCTGTGTGAACTTCTTGACTTAGTATCGTTGAGAGGAATCGAGAGATTAGTGCAGTTTAAACAG;+
KF297915.1 Japanese encephalitis virus isolate JEV/SW/GD/01/2009, complete genome;AGAAGTTTATCTGTGTGAACTTCTTGGCTTAGTATCGTAGAGAAGAATCGAGAGATTAGTGCAGTTTAAACAG;+
JX072965.1 Japanese encephalitis virus isolate IND-WB-JE2, complete genome;AGAAGTTTATCTGTGTGAACTTCTTGGCTTAGTATTGTTGAGAAGAATCGAGAGATTAGTGCAGTTTAAACAG;+
JQ086763.1 Japanese encephalitis virus strain YUNNAN0902, complete genome;AGAAGTTTATCTGTGTGAACTTCTTTGCTTAGTATCGTAGAGAAGAATCGAGAGATTAGTGCAGTTTAAACAG;+
JN711458.1 Japanese encephalitis virus strain GD, complete genome;AGAAGTTTATCTGTGTGGACTTCTTGGCTTAGTATCGTTGAGAAGAATCGAGAGATTAGTGCAGTTTAAACAG;+
JF499788.1 Japanese encephalitis virus isolate TC2009-3, complete genome;AGAAGTTTATCTGTGTGAACTTCTTGGTTTAGTATCGTTGAGAAGAATCGAAAGATTAGTGCAGTTTAAACAG;+
JF499789.1 Japanese encephalitis virus isolate YL2009-4, complete genome;AGAAGTTTATCTGTGTGAACTTCTTGGCTTAGTATCGTTGAGAAGAATCGAAAGATTAGTGCAGTTTAAACAG;+
JF499790.1 Japanese encephalitis virus isolate TC2009-1, complete genome;AGAAGTTAATCTGTGTGAACTTCTTGGCTTAGTATCGTTGAGAAGAATCGAGAGATTAGTGCAGTTTAAACAG;+
JF706268.1 Japanese encephalitis virus isolate YN0967, complete genome;AGAAGTTTATCTGTGTGAACTTCTTGGCTTAGTATCGTTGAGAAGAATCGAGAGATTAGGGCAGTTTAAACAG;+
JF706280.1 Japanese encephalitis virus isolate YLG, complete genome;AGAAGTTTATCTGTGTGAACTTCTTGGCTTAGTATCGTTGAGAAGAATCGAGAGATTAGTGCAG;+
JF915894.1 Japanese encephalitis virus strain XZ0934, complete genome;AGAAGTTTATCTGTGTGAACTTCTTGACTTAGTATTGTTGAGAGGAATCGAGAGATTAGTGCAGTTTAAACAG;+
HQ893545.1 Japanese encephalitis virus isolate SX09S-01, complete genome;AGAAGTTTATCTGTGTGAACTTCTTGGCTTAGTATCGTTGAGAAGAATCGAAGGATTAGTGCAGTTTAAACAG;+
GQ902063.1 Japanese encephalitis virus strain KPP82-39-214CT, complete genome;AGAAGTTTATCTGTGTGAACTTCTTGGCTTAGTATCGTTGAGAAGAATCGAGAGATTAGTGCAGTTTAAACAG;+
HM228921.1 Japanese encephalitis virus strain 90VN70, complete genome;AATAGTTTATCTGTGTGAACTTCTTGGCTTAGTATCGTTGAGAAGAATCGAGAGATTAGTGCAGTTTAAACAG;+
GU556217.1 Japanese encephalitis virus strain JX61, complete genome;AGAAGTTTATCTGTGTGGACTTCTTGGCTTAGTATCGTTGAGAAGAATCGAAAGATTAGTGCAGTTTAAACAG;+
EF571853.1 Japanese encephalitis virus strain Nakayama, complete genome;AGAAGTTTATCTGCGTGAACTTCTTGGCTTAGTATCGTTGAGAAGAATTGAGAGATTAGTGCAGTTTAAACAG;+
AY849939.1 Japanese encephalitis virus strain HW, complete genome;AGAAGTTTATCTGTGTGAACTTCTTGGCTTACTATCGTTGAGAAGAATCGAGAGATTAGTGCAGTTTAAACAG;+
AY316157.1 Japanese encephalitis virus strain KV1899, complete genome;AGAAGTTTATCTGTGTGAACTTCTTGGCTTAGTATCGTTGAGAAGAATCGAGAGATTAGTGCAGTTTAAACAG;+
AF416457.1 Japanese encephalitis virus attenuated strain SA14-12-1-7, complete genome;AGAAGTTTATCTGTGTGAACCTCTTGGCTTAGTATCGTAGAGAAGAATCGAGAGATTAGTGCAGTTTAAACAG;+
JF920758.1 West Nile virus isolate WNV-1/US/BID-V5233/2009, complete genome;GTAGGTTCGCCTGTGTGAGCTGACAAACTTAGTAGTGTTTGTGAGGATTAACAACAATTAACACAGTGCGAGC;+
HM051416.1 West Nile virus isolate twn9, complete genome;AGTAGTTCGCCTGTGTGAGCTGACAAACTTAGTAGTGTTTGTGAGGATTAACAACAATTAACACGGTGCGAGC;+
HQ671677.1 West Nile virus isolate WNV-1/Mus/BID-V4938/spleen, complete genome;GTATTGACCCTGTGTGAGCTGACAAACTTAGTAGTGTTTGTGAGGATTAACAACAATTAACACAGTGCGAGC;+
NC_000943.1 Murray Valley encephalitis virus, complete genome;AGACGTTCATCTGCGTGAGCTTCCGATCTCAGTATTGTTTGGAAGGATCATTGATTAACGCGGTTTGAACAG;+
MN933859.1 Murray Valley encephalitis virus strain VIDRL_MVE_070418, complete genome;ACGTTCATCTGCGTGAGCTTCCGATCTCAGTATTGTTTGGAAGGATCATTGATTAACGCGGTTTGAACAG;+
MG452954.1 Murray Valley encephalitis virus isolate VIDRL, complete genome;GTTCATCTGCGTGAGCTTTCGATCTCAGTATTGTTTGAAAGGATCATTTTGATTAACGCGGTTTGAACAG;+
KF751869.1 Murray Valley encephalitis virus strain MK6684, complete genome;AGACGTTCATCTGCGTGAGCTTCCGATCTCAGTATTGTTTGGAAGGATCATTTGATTAACGCGGTTTGAACAG;+
KF751870.1 Murray Valley encephalitis virus strain NG156, complete genome;AGACGTTCATCTGCGTGAGCTTCCGATCTCAGTATTGTTTGGGAGGATCATTTGATTAACGCGGTTTGAACAG;+
KF751871.1 Murray Valley encephalitis virus strain OR156, complete genome;AGACGTTCATCTGCGTGAGCTTTCGATCTCAGTATTGTTTGAAAGGATCATTTTGATTAACGCGGTTTGAACAG;+
AY898809.1 Alfuy virus strain MRM3929, complete genome;AGATGTTCATCTGTGTGAACTTTTTGACTCAGGATTGTTGGAAGGGATTGAAAGATTAATACAGTTTGAACAG;+
NC_007580.2 Saint Louis encephalitis virus, complete genome;AGATGTTCGCGTCGGTGAGCGGAGAGGAAACAGATTTCCTTTTTGGAGGATAATAACTTAACTTGACTGCGAACAG;+
MH899073.1 St. Louis encephalitis virus isolate 95A49, complete genome;AGATGTTCGCGTCGGTGAGCGGAGAGGAAACAGATTTCTTTTTTGGAGGATAACAACTTAACTTGACTGCGGACAG;+
JQ957868.1 St. Louis encephalitis virus strain Palenque-C475, complete genome;AGATGTTCGCGTTGGTGAGCGAGGAAGAAACGGATTTCTTTTTTGGAGGATTACAACTTAACTTGACTGCGAACAG;+
JQ957869.1 St. Louis encephalitis virus strain Palenque-A770, complete genome;AGATGTTCGCGTTGGTGAGCGAGGAAGAAACAGATTTCTTTTTTGGAGGATTACAACTTAACTTGACTGCGAACAG;+
JF460774.1 St. Louis encephalitis virus isolate Imperial Valley, complete genome;AGATGTTCGCGTCGGTGAGCGGAGAGGAAACAGATTTCTTTTTTGGAGGATAACAACTTAACTTGACTGCGAACAG;+
FJ753286.2 St. Louis encephalitis virus strain CbaAr-4005, complete genome;AGATGTTCGTGTCGGTGAGCGGAGAGGAAACAGATTTCTTTTTTGGAGGATAACAACTTAACTTGATTGCGAACAG;+
FJ753287.2 St. Louis encephalitis virus strain 79V-2533, complete genome;AGATGTTCGCGTCGGTGAGCGAAGAGGAAACAGATTTCTTTTTTGGAGGATAACAACTTAACTTGATTGCGAACAG;+
EU566860.1 St. Louis encephalitis virus strain Hubbard, complete genome;AGATGTTCGCGTCGGTGAGCGGAGAGGAAACAGATTTCTTTTTTGGAGGATAACAACTTAACTTGACTGCGAACAG;+
NC_006551.1 Usutu virus, complete cds;AGTCGTTCGTCTGCGTGAGCTCTACTACTTAGTATTGTTTTTGGAGGATCGTGAGATTAACACAGTGCCGGCAG;+
MK419834.1 Usutu virus isolate USU-BE-Scoter/2018, complete genome;AGTTGTTGGTCTGTGTGAGCTCTACTACTTAGTATTGTTTTTGGAGGATCGTGAGATTAACACAGTGCCGGCAG;+
MH727238.1 Usutu virus isolate ROD_259466, complete genome;AGATGTTGGCCTGTGTGAGCTCTACTACTTAGTATTGTTTTTGGAGGATCGTGAGATTAACACAGTGCCGGCAG;+
MH891847.1 Usutu virus isolate AS201600045, complete genome;TTGGCCTGTGTGAGCTCTACTACTTAGTATTGTTTTTGGAGGATCGTGAGATTAACACAGTGCCGACAG;+
MG461306.1 Usutu virus isolate USUV_269m_Israel15[USUTU], complete genome;ATATGTTGGCCTGTGTGAGCTCTACTACTTAGTATTGTTTTTGGAGGATCGTGAGATTAACACAGTGCCGGCAG;+
MG461310.1 Usutu virus isolate USUV_269m_Israel04[USUTU], complete genome;TTGGCCTGTGTGAGCTCTACTACTTAGTATTGTTATTGGAGGATCGTGAGATTAACACAGTGCCGGCAG;+
KY294722.1 Usutu virus isolate S-1232, complete genome;GCCTGTGTGAGCTCTACTACTTAGTATTGTTTTTGGAGGATCGTGAGATTAACACAGTGCCGGCAG;+
KY294723.1 Usutu virus isolate S-1238, complete genome;GGCCTGTGTGAGCTCTACTACTTAGTATTGTTTTTGGAGGATCGTGAGATTAACACAGTGCCGGCAG;+
MF063042.1 Usutu virus isolate AT-N211/16, complete genome;GTTCGTCTGCGTGAGCTCTACTACTTAGTATTGTTTTTGGAGGATCGTGAGATTAACACAGTGCCGGCAG;+
KY426763.1 Usutu virus strain V501, complete genome;TCGTCTGGGTGAGCTCTACTACTTAGTATTGTTTTTGGAGGATCGTGAGATTAACACAGTGCCGGCAG;+
KY426769.1 Usutu virus strain V574, complete genome;AGTTGTTCGTCTGGGTGAGCTCTACTACTTAGTATTGTTTTGGAGGATCGTGAGATTACCACAGTGCCGGCAG;+
KY426759.1 Usutu virus strain V492, complete genome;GTCGTTCGCCTGTGTGAGCTCTACTACTTAGTATTGTTTTTGGAGGATCGTGAGATTAACACAGTGCCGGCAG;+
KY426760.1 Usutu virus strain V494, complete genome;CATCGTTGGCCTGTGTGAGCTCTACTACTTAGTATTGTTTTTGGAGGATCGTGAGATTAACACAGTGCCGGCAG;+
KY426766.1 Usutu virus strain V528, complete genome;CTGTTGGCCTGTGTGAGCTCTACTACTTAGTATTGTTTTTGGAGGATCGTGAGATTACCACAGTGCCGGCAG;+
KY199556.1 Usutu virus strain 65396, complete genome;AGTCGTTCGTCTGTGTGAGCTCTACTACTTAGTATTGTTTTTGGAGGATCGTGAGATTAACACAGTGCCGGCAG;+
KX601691.1 Usutu virus isolate USUV-HautRhin7316/France/2015, complete genome;GATGTTGGCCTGTGTGAGCTCTACTACTTAGTATTGTTTTTGGAGGATCGTGAGATTAACACAGTGCCGGCAG;+
KJ438765.1 Usutu virus strain V39, complete genome;AGTCGTCCGTCTGCGTGAGCTCTACTACTTAGTATTGTTTTTGGAGGATCGTGAGATTAACACAGTGCCGGCAG;+
KJ438764.1 Usutu virus strain V211, complete genome;AGTCGTTCGCCTGCGTGAGCTCTACTACTTAGTATTGTTTTTGGAGGATCGTGAGATTAACACAGTGCCGGCAG;+
KJ438780.1 Usutu virus strain V44, complete genome;AGTCGTTCGTCGGCGTGAGCTCTACTACTTAGTATTGTTTTTGGAGGATCGTGAGATTAACACAGTGCCGGCAG;+
KJ438732.1 Usutu virus strain V23, complete genome;AGTCGTTCGTCTGCGTGAGCTCTACTACTTAGTATTGTTTTTGGAGGATCGTGAGATTAACACAGTGCCGGCAG;+
KJ438757.1 Usutu virus strain V387, complete genome;ATTCGTTCGTCTGCGTGAGCTCTACTACTTAGTATTGTTTTTGGAGGATCGTGAGATTAACACAGTGCCGGCAG;+
KJ438779.1 Usutu virus strain V191, complete genome;AGTCGTTCGTCTGGGTGAGCTCTACTACTTAGTATTGTTTTTGGAGGATCGTGAGATTAACACAGTGCCGGCAG;+
KC754958.1 Usutu virus isolate ArB1803, complete genome;AGATGTTGGCCTGTGTGAGCTCTACTACTTAGTATTGTTTTGGAGGATCGTTAGATTAATACAGTGTTGACAG;+
HM569263.1 Usutu virus strain Bologna 2009, complete genome;AGTCGTTTGTCTGCGTGAGCTCTACTACTTAGTATTGTTTTTGGAGGATCGTGAGATTAACACAGTGCCGGCAG;+
AY453412.1 Usutu virus strain SAAR-1776 from South Africa, complete genome;AGTCGTTCGTCTGCGTGAGCTCTACTACTTCATATTGGTTTTGGAGGATCGTGAGATTAACACAGTGCCGGCAG;+
EF529746.1 Pichinde virus strain Munchique CoAn4763 isolate P18 segment S, complete sequence;GCCCUAGCCUCGACAUGGGCCUCGACGUCACUCCCCAAUAGGGGAGUGACGUCGAGGCCUCUGAGGACUUGAGC;-
EF529746.1 Pichinde virus strain Munchique CoAn4763 isolate P18 segment S, complete sequence;GCCCUAGCCUCGACAUGGGCCUCGACGUCACUCCCCAAUAGGGGAGUGACGUCGAGGCCUCUGAGGACUUGAGC;-
AF081555.1 Pichinde virus S glycoprotein precursor (GPC) and nucleoprotein (NP) genes, complete cds;GCCCUAGCCUCGACAUGGGCCUCGACGUCACUCCCCAAUAGGGGAGUGACGUCGAGGCCUCUGAGGACUUGAGC;-
Oliveros virus segment S, complete sequence  NC_010248.1 ;GUCUUCAGGCUCCCCAUCACUCUGGGCCCAUUGGGCCCAGGGUGAUGGGGCGGCCCCCUCGACCCACGGCAAAACCGUGGGCCGAGGGGGGGUGCAU;-
Parana virus strain 12056 segment S, complete sequence AF485261.1;ACUAAAUUGGCCUCUGCCGCCCUGAUGUCUCACCCCCUUUGGGGGUGAGACAUCAGGGCCCAUGAAUGUCU;-
Sabia virus glycoprotein precursor and nucleocapsid protein genes, complete cds U41071.1;AAGGACAAUCAUUGUCUCCCACCGACCCGGGCAAUGCCCGGGUCGGUGUGGCCCCCCAGUCCGCGGCAAAUGCCGCGGACUGGGGAGCACCAAU;-
AY619645.1 Machupo virus strain Mallele segment S, complete sequence;AGACAGCCAAGACCCCUGCCGACCCGGGCUCGGCCCGGGUCGGCGGGGCCCCCCAGUCCGCGGCUUUGCCGCGGACUGGGGAGGCACUGC;-
KU978793.1 Mammarenavirus machupoense isolate 930060_Chicava segment S, complete sequence;ACACAAUCAGGACCCCUGCCGGCCCGGGCUCAGCCCGGGCCGGCGGGGCCCCCCAGUCCGCGGCUUUGCCGCGGACUGGGGAGGCACUGC;-
KU978794.1 Mammarenavirus machupoense isolate 9430069 segment S, complete sequence;ACACAGCCCAGACCCCUGCCGACCCGGGCCCAGCCCGGGUUGGCGGGGCCCCCCCCCCCGCGGCAUUGCCGCGGGCUGGGGAGGCACUGC;-
five_prime_utr|ENST00000480431|IGSF11|119034955_119034531_-_3;AGGGCTGGGTGGCACGGCTGGCGAGCCCGGAACGCCTCTGGTCACAGCTCAGCGTCCGCGGAGCCGGGCGGCGCTGC;-
five_prime_utr|ENST00000481816|ADPRH|119579433_119579851_+_3;AAAGTCGGACGTGAGCACGGGCGAAGGCGTCAGCCGGGGCCACACGGGAGTCACTGACCACAGCCAGGCGAGAGC;-
three_prime_utr|ENST00000357003|ADPRH|119587879_119589945_+_3;GGAGACGTGATGTTCACTTCTGATGGATTCTTCTTTTGTGTATTTCCTTTTCTGCTATTTCTTTTCAGTT;-
five_prime_utr|ENST00000491903|IGSF11|119034728_119034583_-_3;CCAAGAGCGCGGAGACTCACGCCCGCTCCTCTCCTGTTGCGACCGGGAGCCGGGTAGGAGGCAGGCGCGCT;-
three_prime_utr|ENST00000354673|IGSF11|118902519_118900636_-_3;TTGCTATTACAGTAGGTTACTATTAATGAGGGCAGCACCTGATGCCTTTTGTACTGAGGTATGTAACTT;-
three_prime_utr|ENST00000425327|IGSF11|118902519_118900557_-_3;ATGTCTCAATAAGAGTGTCTTTTCTTTCTGGATGTGTTCTCTTACTCCCTCTTACCACCATACTTTTTGC;-
three_prime_utr|ENST00000342202|KCNK7|65593342_65592855_-_11;TCACTGCGCTGGGAGGTGGGCGGGGAGCATCACCAGAACCCAGGCGCTGCCCCAGCACCTTCTCCTCCCCAG;-
three_prime_utr|ENST00000328796|CLDN6|3015358_3014712_-_16;TAGACCCCCGCCCCCACCTCCAACACTGCACCCTTCTGCCCTGCCCCCCTCGTCTCACCCCCTTTACACTCAC;-
five_prime_utr|ENST00000396925|CLDN6|3018484_3018149_-_16;GGGCGGTGGTCCAGTGACGTCACCGCTTCTTTAAGACCCCCGCCTCCGCCCCTGTCCCGACACTCGGCCTAG;-
three_prime_utr|ENST00000564556|ZNF598|1998585_1998424_-_16;CAGAAGGTCTTTAATGAGCTGCTGGTCCTGCTGCCCGACACGGCCAAGCAGCAGGAGCTCCTGTCTGCACACAC;-
five_prime_utr|ENST00000439385|CAPG|85408815_85408723_-_2;GACTCACCGGGGGCGGCTCCTGGCCGCGCACCTCCAGGGGGCGGGGGGCGGCTGAGACAGCGCCCAGGGCCTCG;-
three_prime_utr|ENST00000430321|UBR3|170001304_170001414_+_2;AGTTCATGTCTCTTGGCAGTATCAATTGGCTGGGAAGGAGGTGTTTATGTACAAACCTGTGGTCACACATTACA;-
five_prime_utr|ENST00000263088|PLD2|4807152_4807225_+_17;GTGGGCTCCGGCTGCAGCTCCGGTCTGCTCTCTTGGCTCCGGAACCCCCGCGGGCGCTGGCTCCGTCTGCCAGG;-
three_prime_utr|ENST00000575813|PLD2|4814368_4814501_+_17;TGGCTTCTGACTCCCCTGACCTCCTTGGCTTGGCCTCCCCCCAGGTTTGTGAATGGGGCAGGTTACTTTGCTGCTGTG;-
three_prime_utr|ENST00000570353|SHBG|7631672_7631748_+_17;CCTCAGAAGCTGTGATGTAGAATCAAATCCCGGGATATTTCTCCCTCCAGGGACTCAGGCAGAATTCAATCTCCGAG;-
three_prime_utr|ENST00000256897|CCNH|87394445_87394274_-_5;AAAATATATTAAAACTTTTCTATTGTTTTCTTTCCCTTTCACAGTAACTTTATGTAAAATAAACCATCTTCAAAAGA;-
five_prime_utr|ENST00000504878|CCNH|87412904_87412435_-_5;GCGTTTGGGTTCTCGTCTGCAGACCCTCTGGACCTGGTCACGATTCCATAATGTACCACAACAGTAGTCAGAAGC;-
three_prime_utr|ENST00000243893|UBE2C|45816709_45816957_+_20;TTGTCTTTTAAATTAAGCCTCGGTTGAGCCCTTGTATATTAAATAAATGCATTTTTGTCCTTTTTTAGACAA;-
five_prime_utr|ENST00000253362|BPIFA2|33161768_33161898_+_20;GGAGAATTTGCAGGGGGGTGACATCCTCAGACCTGGCCCTTGGCACTGGGAAGAGTTGATGCAAAGAAATTCTGCG;-
three_prime_utr|ENST00000449489|RBM39|35732135_35731946_-_20;GAGGAAAAAAAGCAAGAGCAGAAGTCGTAGTCATGAACGAAAGAGAAGCAAAAGTAAGGAACGGAAGCGAAG;-
five_prime_utr|ENST00000433027|RBM39|35742219_35741941_-_20;AACAGTAGCAACAGAAGCGGCGGCGGCGGCAGCAGCAGCAGCAGCAGCAGCAATCTCTTCCCGAACACGAGCACCACAG;-
three_prime_utr|ENST00000433027|RBM39|35734257_35734186_-_20;ACAAACTTTCTGCCTCCTTGGAAAGCTCTACATCTCCTTGTGATTGGAGTGTGGGTTTCAAGATTCCAGAAG;-
GQ221829.1:3489-3569 Tobacco necrosis virus A isolate Velence, complete genome;TGGAGATGGATGCTGGATCCTGGAAAACAGGTTTAACGGGTAGGGGGTGGTGCCCCTACCGACGCATCACTCCAGATACCA;-
DQ083996.1:3504-3585 Olive latent virus 1 isolate GM6, complete genome;GCGGTAAGCAAGACGGATCCTGGGAAACAGGTTTAACGGGCTGGGGGTGGTGCCCCGGCCGTCGCATCACTTGCTGATACAA;-
MH922775.1:3790-3866 Patrinia mild mottle virus, complete genome;GGCGTGAGTGTGCTGGATCCTGGGAAACAGGTTTAACGGGCGACTAGTCACCGCCGACGCATCACCACAATATAGCC;-
KY523104.2:294232-294302 Tupanvirus soda lake, partial genome;TGCCCTAACTGGGAATCGAACCCAGGTTGTCGGCTTAAAAGGCCGATACTCTACCACTGAGTTATTAGGGC;-
ON637770.1:91997-92068 Microbacterium phage Big4, complete genome;GTCTCCATAGTTCAGTGGCAGAACGGTTCTCTCCTAAAGAACTGGTCGAGGGTTCGATTCCCTCTGGGGACA;-
URS00000000FD_9606 Homo sapiens (human) long intergenic non-protein coding RNA 1937;AAGGCTGCATTAACCTTTCCTGAAAATAAAAAACAGTTCTGCTTTTACCATTTGGGGGCCTGAGGCAAGTGTTCAAATA;-
URS0000000787_9606 Homo sapiens (human) family with sequence similarity 230 member H;TGCAAGTCTGCATGATTTGCTTGTGAATGTGTGTCTATGTGTGTTTCCCCTAGGAAAAAAATGTTGTGTTTAC;-
URS0000000B3B_9606 Homo sapiens (human) long intergenic non-protein coding RNA 2368 (LINC02368);TGAGTGAACGTTTCCTTTCAGCTTCGTGAGAGGAAGAGTCTAAATAGGGGAGCCATCCCCAAA;-
URS0000000C0D_9606 Homo sapiens (human) novel transcript;TGTCCAGCTTCTCACTCAGCGCCACGTTTCCAAGGCTCACCTACGTTATAGCCTGGATCCGGGCTTCATTCCGTTT;-
URS00008B3898_9606 Homo sapiens (human) non-protein coding DLX6-AS1:23;GAGCCCAGGAATTCAAGTGTAGCCTAGGGAACATGGCAAAACCCCAGCTCTACAAAAAAATACACAAATTAGCTGCG;-
URS00008B389D_9606 Homo sapiens (human) non-protein coding lnc-CTSV-3:3;TTGTCTCTAGTTTTTAAGTAAATTAATGATGGACCATCCCCCAAACAGAGAACTATGGGGGTATGAAACAAGGCTGA;-
URS00008B38A8_9606 Homo sapiens (human) non-protein coding LINC02173:14;AACATATTTAACTGCTGGAGAGAATGGCTCAGAATCCCAGGTATCAGCTTCAGCACACAACCAAACAAAG;-
URS00008B38B1_9606 Homo sapiens (human) non-protein coding lnc-NR4A2-3:1;AGATACAGAGTCTCGCTCGATCACCCAGGCTGGAGTGGAGTGGCGCCATCTTGGCTCACTGCAAGCTCCGCCTC;-
URS00008B38B4_9606 Homo sapiens (human) non-protein coding lnc-DCP1B-6:1;TCAGGTCAGGGTCGTGTGATTGTAAACTAGTCAGGTCAGGGTCGTGTGGTTGTAAACTAGTAAGGTCAG;-
URS00008B38BB_9606 Homo sapiens (human) non-protein coding lnc-BMP7-5:1;TGTTGAATGAATGGCAGATGCCGTGCTAAGGAAATGACACACACTCATTCATTTCACCCTTAAAAGAGCCCTC;-
URS00008B38BE_9606 Homo sapiens (human) non-protein coding LINC01503:12;ACAACAGCAGCAGCGTCCTGAGGCTGGGGTGAGGACCGAGTGAAAAACCTTTGTCGCATCTTTGGGCATCGCAGGAG;-
URS00008B38C2_9606 Homo sapiens (human) non-protein coding lnc-MMP24OS-73:8;GAGTTGCCATTATTTGACACAAAGAAGACTGCAGGAGGGACAGGTTTGAGTAGAAATATGAAGAGCTCACCCAAGT;-
URS00008B38C3_9606 Homo sapiens (human) non-protein coding lnc-HS1BP3-1:5;GTGCAGAGGAAAGAAGATCAAATCTGGAGTCAGCAGACATAGGAGTCTAATCCCTGGTTCTGATATATC;-
URS00008B38C6_9606 Homo sapiens (human) non-protein coding lnc-TAB3-2:2;TGGTGCCAGTGGACATGGAGAGAAGGAGTTCAGATGTATAGGAGATAAGAACAACAGACTTTGGTGATGGG;-
URS00008C35FD_9606 Homo sapiens (human) non-protein coding lnc-LRRC47-78:20;ATAGAGGTCATCAGCCAGGTTGATTGTGCGGGTTAGATAGAGATCATCAGCCGGGTTGATTCTACAGGTTAGATAGAGGT;-
URS00008C35FF_9606 Homo sapiens (human) non-protein coding lnc-MBD3L2B-2:1;ATCACATGAAAAAAACTCCTCTAATGAATATTAAACTTGTACTGGAAAAAGGTCAATAAATAAATAAATAAGATATAGT;-
URS00008C3602_9606 Homo sapiens (human) non-protein coding lnc-RTL1-6:1;TTTCTAAGCCACTGACCAGGAAGGCTGGGGTGGATCCAGGCCACACAGGTCATGCTGAAGTACACACACATGGTT;-
RS00008C3604_9606 Homo sapiens (human) non-protein coding lnc-SMAD5-9:1;TGCTGGGAACAGAGACAGCAAGGATACCCTAGAACTCCTCCTGGTGAACTGTTACATCAAGCCAGGGCT;-
URS00008C360A_9606 Homo sapiens (human) non-protein coding lnc-USP29-2:1;TAAAGCAGAAGGAGAAGCAGAGACTGTTGTCCTGGGCTAAGAAGAAAGCTGTCAGCAAAGGGAACACCCCTACG;-
URS00008C361D_9606 Homo sapiens (human) non-protein coding lnc-USP17L8-2:1;GAAACAGAAATCCATGTAGGGAGATGTTTAAATAGCCGACCCTGCTGCCTGCCTCTGGGGCATCAACCAAGAATTG;-
URS00008C361E_9606 Homo sapiens long non-coding RNA NONHSAT106911.2;GAGAATGGGGATTTATTATCCAATGAGTGCAGTGTTTCTATTTGTTTTTGTTTTTGTTTGAGACAGGGTCTCGCTCTG;-
URS00009B1CD1_9606 Homo sapiens (human) HSALNT0004500;AGTGCCCAAGAGATAAGAATCTTCTAAGCTGGCTGTTGTCCAGACTTGCCATCCTCATTGTAGTAAAACACTGGC;-
URS00009B1CDA_9606 Homo sapiens (human) HSALNT0158043;AACCCAGGCATAAAAATTCATTGTGAACTCATATTCTACCATGGCCTGACACTGACTCAATCACCACAATTG;-
URS00009B1CE3_9606 Homo sapiens long non-coding RNA NONHSAT205116.1;CCAGCACCCGAACTGCATCAGGACGCAGCCAGGGAGCTTCAGCCCCCAGCTGCAGGAGACCCCCAAGCCAAAGCAGG;-
URS00009B1CF0_9606 Homo sapiens long non-coding RNA NONHSAT118093.2;TTTTTAGTAGAGACGGGGTTTCACCATGTTGGTCAGGCTGGTCTCGAACTCCTGACCTCGTAATCTGCCCTCC;-
URS00009B1D07_9606 Homo sapiens long non-coding RNA NONHSAT108864.2;CTGAAGTCTGCCAGTGTGCTGAGGGGAAGTGCCCTCGCCAGCGTCGCGCCCTGGAGCGGGGTCTGCAGGACGAGGATG;-
URS00009B1D0C_9606 Homo sapiens (human) HSALNT0045711;ATACTGCCTGTGCTGCCTCTTCCCCTTTCTTCCTGCCTTGAATGTTGGCATGATGTCCAGAGCAGAAACCCGGATAGT;-
URS00009B1D19_9606 Homo sapiens long non-coding RNA NONHSAT173323.1;TGGAAAGGAGGAGCATCTGCGAAGCACAGCCTGAACCATGAAGCCTCCCCAGGCATCAAGTCACCCAGGGGGCTGT;-
URS00009B1D1D_9606 Homo sapiens (human) HSALNT0103902;CTGCTCTTCCCTCCTCGTCCCGGGCCTCACCTGCACCCAGCGCCAGAGACGCTGCAGGGGACAGCGCTGGACC;-
URS00009B1D31_9606 Homo sapiens (human) non-protein coding lnc-NFYA-1:6;TTTCTTAACTTTCCACCTTTGCCAGCTGCTACCCAGTATCATTAAAATATTAACATTTAGCCTTGCTCAATGGACCTGT;-
URS00009B1D39_9606 Homo sapiens long non-coding RNA NONHSAT117033.2;AAGGTGGCCCAGCAGCTGGAGCAGGAGCTGCAGCAGACCCAGGAGTCCCTGGCTAGCTTGGGGCTGCAGCTGGAGG;-
URS00009B1D56_9606 Homo sapiens (human) non-protein coding lnc-TP53TG3F-31:1;GATAAAGTGCTCTCGAATGCATTGCACAGACTCAGTTGCCATGACGATTTTGTGAAAAGTAACATGTTTGG;-
URS00009B1D6B_9606 Homo sapiens (human) HSALNT0067475;TGTAGGCGCCTCGGCGGCCACCGCGTCCCCAGGGGGCCTCGCGGACGGGGGCGCGGGGCTGCGGGGAGGAGGCGGG;-
URS00009C0166_9606 Homo sapiens (human) HSALNT0242352;GGAGGCACCTGACCTCCAAGGGTTACAGGGTTACATCTCTTTTTTTTTTTTTTTTTTTTGAGATGGAGTTTCATTC;-
URS00009C5F7C_9606 Homo sapiens (human) HSALNT0246811;AGAAGGAATAGCAAAATGGAGACAGCAGCAGAAGATAGAGAGAGGTGGACGAGAGAAAACCCTCAAGATAAAGA;-
three_prime_utr|ENST00000699705|NLRP1|5501813_5500031_-_17;GGGTCCGGCAGGGAGGGTCGGCGCCCTGGCCCGGGGTGGGCCGGAGCCCTGTGATGCTGCATCGCCCCCAGGAGGAG;-
three_prime_utr|ENST00000699807|NLRP1|5521005_5520881_-_17;TGACCCCACTTTATATGGGCTGTCGTTACACTGTGTCTGGGTCTGGTTCAGGGATGCTGGAAATACTCCCCAAG;-
three_prime_utr|ENST00000699706|NLRP1|5500112_5500031_-_17;GAGGAGCCAGCTGTGCCCCAGAGTTGGCGCGGCCGAGAGAGGACAAGAGCGCGCAGCAGGCGAAGCTGGAGGGCGGG;-
three_prime_utr|ENST00000559995|INO80|41016215_41016088_-_15;ACTCGGCTCAAGTCTCAAGGGCATAGGGTCCTTATCTACTCCCAGATGACCAGGATGATAGACCTACTGGAG;-
five_prime_utr|ENST00000648947|INO80|41116280_41115973_-_15;ACCCCCCCCTCCGGACCCCGCCCGCACCCCGCCCCCCCTCCGCCGCCGTCGCGGCGGCGGGGCCAGGCGGCCCGAG;-
five_prime_utr|ENST00000437575|HP1BP3|20780540_20780350_-_1;TGGCGACTGATACGTCTCAAGGTGAACTCGTCCATCCTAAGGCACTCCCACTTATAGTAGGAGCTCAGCTGATC;-
three_prime_utr|ENST00000368916|GABPB2|151118257_151118671_+_1;TTTTTTTTTTTAAATAACTGACTTTCTCACAAAAGATTTTAAGATAACATTTCTAATATATATGCACCAATA;-
three_prime_utr|ENST00000424522|HAUS5|35618569_35618699_+_19;CAAGTCTTGACCCAGCGCCTCCAGGGCCTGGTGGAGGAGGTGGAGAGACGCGTCCTGGGATCCAGTGAGAG;-
three_prime_utr|ENST00000396912|RBAK|5065602_5069487_+_7;CTCAGAGGCTATGAGCTCTGAATAAATCTTCATTGTATAAAATGAAGTTTTTAAATTGTCAGGAGTTGATCATGA;-
URS0000008A99_9606 Homo sapiens (human) microRNA hsa-mir-143 precursor;GCGCAGCGCCCTGTCTCCCAGCCTGAGGTGCAGTGCTGCATCTCTGGTCAGTTGGGAGTCTGAGATGAAGCA;-
URS0000031E12_9606 Homo sapiens let-7c stem-loop (hsa-let-7c);GCATCCGGGTTGAGGTAGTAGGTTGTATGGTTTAGAGTTACACCCTGGGAGTTAACTGTACAACCTTCTA;-
URS00000600E6_9606 Homo sapiens (human) microRNA hsa-mir-106b precursor;CCTGCCGGGGCTAAAGTGCTGACAGTGCAGATAGTGGTCCTCTCCGTGCTACCGCACTGTGGGTACTTGCTGCT;-
URS0000060B2B_9606 Homo sapiens (human) microRNA hsa-mir-217 precursor;AGTATAATTATTACATAGTTTTTGATGTCGCAGATACTGCATCAGGAACTGATTGGATAAGAATCAGTCACCATCA;-
URS000006DA05_9606 Homo sapiens (human) microRNA hsa-mir-876 precursor;TGAAGTGCTGTGGATTTCTTTGTGAATCACCATATCTAAGCTAATGTGGTGGTGGTTTACAAAGTAATTCATA;-
URS00000A7BEB_9606 Homo sapiens (human) microRNA hsa-mir-135a precursor (hsa-mir-135a-2);AGATAAATTCACTCTAGTGCTTTATGGCTTTTTATTCCTATGTGATAGTAATAAAGTCTCATGTAGGGATGGAAGC;-
URS00000AF93C_9606 Homo sapiens (human) microRNA hsa-mir-21 precursor;TGTCGGGTAGCTTATCAGACTGATGTTGACTGTTGAATCTCATGGCAACACCAGTCGATGGGCTGTCTGACA;-
URS00000C85B2_9606 Homo sapiens (human) microRNA hsa-mir-25 precursor;GGCCAGTGTTGAGAGGCGGAGACTTGGGCAATTGCTGGACGCTGCCCTGGGCATTGCACTTGTCTCGGTCTGACAGT;-
URS00000CBE63_9606 Homo sapiens (human) microRNA hsa-mir-33a precursor;CTGTGGTGCATTGTAGTTGCATTGCATGTTCTGGTGGTACCCATGCAATGTTTCCACAGTGCATCACAG;-
COD_NC_002640.1-;TGGAAAATGTCATGTGGAAGCAAATAACCAACGAGCTAAACTATGTTCTCTGGGAAGGAGGACATGACCTCACTGTAG;-
COD_NC_002640.1-;TCTTATTGAAGTGAAAACATGTCTGTGGCCCAAGACCCACACACTGTGGAGCAATGGAGTGCTGGAAAGCCAGATGCTC;-
COD_NC_002640.1-;TGGCTGTGGGTTTGGTTAGTCTCTTAGGAAGCGCTCTTTTAAAGAATGATGTCCCTTTAGCTGGCCCAATGGTGGCAG;-
COD_NC_002640.1-;TGCCAATCCGTTATCAGACCCCAGCTGTGAAATCAGAACACACAGGAAGAGAGATTGTAGACCTCATGTGTCATGCAAC;-
3UTR_NC_002640.1-;TTACCAACAACAAACACCAAAGGCTATTGAAGTCAGGCCACTTGTGCCACGGTTTGAGCAAACCGTGCTGCCTGT;-
3UTR_NC_002640.1-;AGCTCCGCCAATAATGGGAGGCGTAATAATCCCCAGGGAGGCCATGCGCCACGGAAGCTGTACGCGTGGCAT;-
3UTR_NC_002640.1-;ATTGGACTAGCGGTTAGAGGAGACCCCTCCCATCACTGATAAAACGCAGCAAAAGGGGGCCCGAAGCCAGGAGGAAG;-
3UTR_NC_002640.1-;ACGCTGGGAAAGACCAGAGATCCTGCTGTCTCTGCAACATCAATCCAGGCACAGAGCGCCGCAAGATGGATTG;-
3UTR_JF915894.1-;AAACTTTTGGTAATGATTGTAAATAGTAGCATTTATTGTAAATAGTGTAAATAAATAAATTTAAAGAGGGAGTCAGGC;-
3UTR_JF915894.1-;GACGTAAGTCGCCACCGGATGCTGAGTAGACGGTGCTGCCTGCGCCTCAGCCCCAGGAGGACTGGGTTAAC;-
3UTR_JF915894.1-;AAGGTAGGAAAGCCCTCAAAACCGTCTCGGAAGAAGGTCCCTGCTTACTGGAGGTTGGAAGACCGTGTCAGGCC;-
3UTR_JF915894.1-;GGCCCAAACCTTATCCAGGATGCAATGGATGAGGCGTAAGGACTAGAGGTTAGAGGAGACCCCGTGGAAAAGAAA;-
COD_NC_JF915894.1-;AAAGAAGAACTTTCTGGAGTTAATCAGAACAGCCGACCTCCCCGTATGGCTAGCTTACAAAGTGGCTTCAAAT;-
COD_NC_JF915894.1-;CACCGATAGGAGATGGTGTTTTGATGGACCTCGGACGAATGCTATCTTAGAAGACAGCACTGAAGTGGAGATAA;-
COD_NC_JF915894.1-;AGATGGTTGGACGCACGGGTGTACGCAGATCACCAGGCTTTGAAATGGTTTAAGGACTTTGCAGCAGGAAAGAG;-
COD_NC_JF915894.1-;AGAACACTTCATGGGGAAAACCCGTGAAGCTCTTGATACAATGTATCTGGTTGCCACGGCAGAAAAAGGGGGGAA;-
COD_NC_JF915894.1-;CGGACAACCAGTTGGCCGTGTTTCTGATCTGCGTCCTCACCGTAGTGGGAATTGTGGCTGCTAATGAGTACGG;-
COD_NC_JF915894.1-;AGCAAAGCTTCGATGGATGGTGGAGAAAGGGTTTGTCTCACCTGTTGGAAAGGTTGTGGACCTTGGCTGTGG;-
3UTR_KX051560.1-;GCACCAATCTTAGTGTTGTCAGGCCTGCTAGTCAGCCACAGCTTGGGGAAAGCTGTGCAGCCTGTGACCCCCC;-
3UTR_KX051560.1-;GAAGCTGGGAAACCAAGCCCATAGTCAGGCCGAGAACGCCATGGCACGGAAGAAGCCATGCTGCCTGTGAGC;-
3UTR_KX051560.1-;CGACCTTCCCCACCCTTCAATCTGGGGCCTGAACTGGAGATCAGCTGTGGATCTCCAGAAGAGGGACTAGTGGTTAG;-
3UTR_KX051560.1-;GGGAAAGACCAGAGACTCCATGAGTTTCCACCACGCTGGCCGCCAGGCACAGATCGCCGARTAGCGGCGGCCG;-
COD_KX051560.1-;CCAACTGGTTGCAGAGCAACGGATGGGATAGGCTCAAACGAATGGCAGTCAGTGGAGATGATTGCGTTGTGAA;-
COD_KX051560.1-;ATAGGTTTGCACATGCCCTCAGGTTCTTGAATGATATGGGAAAAGTTAGGAAGGACACACAAGAGTGGAAACCCTCAA;-
COD_KX051560.1-;AAACGGCCACGAGTCTGTACCAAAGAAGAGTTCATCAACAAGGTTCGTAGCAATGCAGCATTAGGGGCAATAT;-
three_prime_utr|ENST00000527934|SORL1|121629564_121629684_+_11;AAGAGCTTTCCTCACTAGAAACCAAATGGTGTAAATATTTTATTTGATAAAGATAGTTGATGGTTTATTTTAAAAGA;-
three_prime_utr|ENST00000679309|PITRM1|3163885_3163725_-_10;GGTGACCCACTGTGCATCCCGGAGCTTACATGGGAGCAGCTTAAGCAGTTTCATGCCACTCACTATCACCCAAGCAATG;-
three_prime_utr|ENST00000371694|AGPAT2|136673751_136673143_-_9;GCCCTCTGCTCAGCCGCCTGGGACCCACCAGGGTGCAGCTGGGCTCCAGGGTCCAGCCCACAAGCTGCATCAGGCT;-
five_prime_utr|ENST00000302350|CDKN2AIP|183444635_183444797_+_4;CTGGGCGCTGTTGTTTGGTCTTTAGGCCTGCGGAGGGGCGTTATCTGGAGGGCCGCGGGTGCAGGCCGCAGTGACAG;-
three_prime_utr|ENST00000634363|SNRNP48|7602623_7602744_+_6;AATTTAAAATATACTGTCATGTTGTGTTTTGTAAATCAACTGAATTGAGGTACTATTTACTTAGATTTATTGCAC;-
five_prime_utr|ENST00000397176|PRKCQ|6580301_6580211_-_10;GCCAGCCCCGCCAGTCCCCGCGCAGTCCCCGCGCAGTCCCCGCGCAGTCCCAGCGCCACCGGGCAGCAGCGGCGCCGTG;-
five_prime_utr|ENST00000514652|C4orf17|99512989_99513081_+_4;AGCACATCTGGAAGTGAGGTCAATCAAGTTAGACCCCAAAAACTTTTGTGACAACAGTGAAGAGGGGAAAATAAAC;-
three_prime_utr|ENST00000326581|C4orf17|99542110_99542303_+_4;TTTTTGGTATTGAGGAATCAAGTGGTCCTCTTTATGGTGGCACATGTAAATCTAAAAATACCTGTATGTAATGCTACAA;-
three_prime_utr|ENST00000608443|FKBP8|18532168_18531763_-_19;CAGCCCAGCCAGCAGGAGGGACTGAGGCCCTCTAGGAGGAAAGCCCAGAGGGAGGGGGCCCTCATTCCTTCAGACCC;-
three_prime_utr|ENST00000222307|KXD1|18568632_18569378_+_19;AGGGGGACAAGGCTCTCTCCCGAGGGGTGTGGAATTCCTGGGGGGGTCTTTAATTCTGGCTCCTTCCTTCCTCAGAACA;-
five_prime_utr|ENST00000657123|SCN3B|123655244_123655108_-_11;GTCCTCTTGGGCCCCCCTCCCCTTGCGCTGACATTTGGATCACCTCACTGAGTGATGAGGTGAAGACAGGAACAG;-
five_prime_utr|ENST00000530277|SCN3B|123654607_123654226_-_11;ACGGGCGGCCCCGGCGGCTTCGGGAGTGGGGTCACGCCCAGCTGGAGAAGCAGTTAGGGCGGACGAAGCAGGAGC;-
three_prime_utr|ENST00000591545|SMARCA4|11030972_11032666_+_19;CTACTGCCAAAGTGGTTTCACTCCTACGCTGGGGTGTGAATGTACCCTGCCCTTCCCTGCAGCGTGAGGGCAG;-
five_prime_utr|ENST00000426532|LTF|46459819_46459731_-_3;GACTGTGTCTGGCTGGCCGTAGGAGGAGTGTTCAGTGGTGCGCCGTATCCCAACCCGAGGCCACAAAATGCTTCCAATGG;-
three_prime_utr|ENST00000418762|LYPD6|149464178_149464475_+_2;CATTGACCTGGTTGGGAGGAAGATCAGGAAGATTTCACAGAATTTATCACATTTGGATTGAGCCTTGAAGAATATCAGG;-
five_prime_utr|ENST00000397311|JARID2|15452006_15452175_+_6;TCCAGTAAAGATAGTGGAGCCATTGCTACCCCCTCCAGCTACTCAGATATCAGACCTCTCTAAAAGGAAGCCTAA;-
five_prime_utr|ENST00000624700|CDKL5|18442228_18442423_+_X;GTGGTTTCACACTATCTTTTCAGCAAGCCACATTGGATTTCACGCATTTACTGACTCTTCTACCCGTTCTTTTTGGTGT;-
five_prime_utr|ENST00000290705|MT1A|56638666_56638738_+_16;ACCAAGCCTTCCACGTGCGCCTTATAGCCTCTCAACTTCTTGCTTGGGATCTCCAACCTCACCGCGGCTCGAA;-
five_prime_utr|ENST00000396741|CYTH3|6272644_6272508_-_7;TCCCTCCGGCGGCGTCCCCAGCCCGCGGCCCCTCTGCTGCCGGCCCCCGGCTCGCCGGCTGCGGGAGTG;-
five_prime_utr|ENST00000421822|HJV|146020338_146020232_-_1;CCAAATTTCTTTTTTCAGTCACTTACAGGGCTTCCGGTCAAAATTCACTAGGTAGGAGGGTCATCAGC;-
three_prime_utr|ENST00000636675|HJV|146018076_146017547_-_1;GGTTGAAATTATCACAGAATAAGGATTCTGGGCAAGGTTACTGCATTCCGGATCTCTGTGGGGCTCTTC;-
five_prime_utr|ENST00000527509|IRAG1|10690369_10690265_-_11;ACAGGGTCTCGCACTGTCACCCAGGCTGGAGTGCAGTGGTGCAACCCCACCTCCCGGGTTCAAGCAATTC;-
five_prime_utr|ENST00000288513|SVOPL|138663152_138663088_-_7;CTTGCAGATGGTGTTTTTTGGCTACATGGTTTTCAGTATCCTCTTTGGCCTCCTGGCTGACAGAT;-
three_prime_utr|ENST00000599479|TMEM38A|16688944_16689006_+_19;GATCTTCCCACTGCACTCCAGCCTGGCCAATAAGACCTGTCTCCAGCAAGACCCTGTCTCAAA;-
three_prime_utr|ENST00000356427|ATF7IP2|10482250_10483637_+_16;CACTTGCCACCATGCCCGGCTAATTTATTTTTAGTAGAGATGAGGTTTCACCTTGTTGGTCAGGCTGGTCTCAAACT;-
five_prime_utr|ENST00000396560|ATF7IP2|10428868_10429016_+_16;GAATCCTGCTTTTTTTTTTTCTTTGAGACACGGTCTCACTCTGTCACCCTTGCTGGAGTGCAGTGGTGCAATCAC;-
five_prime_utr|ENST00000346248|CHST15|124092454_124092324_-_10;GTCCCCTCCCTGCGCCCCGCCGCGTCTCGGGAGGCGGCGTGACTCGGGAGTTGCCGGCGCTTCCCGGCGGTGGCGG;-
three_prime_utr|ENST00000674163|N4BP2L2|32518003_32517360_-_13;CTCCTCCTCCACAGGGGAGACAGAGGTGGGGAGGCTCTCTTGGCTCACATAATCGTGTCTGTGTCACAAAT;-
three_prime_utr|ENST00000399138|ALKBH5|18208397_18209954_+_17;TAAAAGCAACAAAATGTTTTGGTTAAGAAAATTATTTTGCTTTCAGTGTAAATCTTCGCAGTGTTCTAAACAA;-
five_prime_utr|ENST00000334209|MPPED1|43424908_43424985_+_22;TCTGTTTCCAGGTCTGGCGGGGGGCCGGGCTGCGGTGGCGGCAGCGGTGGGAGATGCCGGGGCGGCCGG;-
three_prime_utr|ENST00000319234|SHISA3|42401452_42402487_+_4;ACTTTTATTCAAAATATGCAGCAGTTTGACTTTAAAGTTGCAAACTGGCTAAAAACGTTTTACTGGACATTCAGC;-
five_prime_utr|ENST00000217926|H2BW1|104013708_104013577_-_X;GTGACACTTCATCCAATCAGACGTGAAGCTGGCCCGAGACGTGGAGCCATGCTGCGTACCGAAGTG;-
three_prime_utr|ENST00000283285|CD96|111649807_111652241_+_3;AATACTTTGCACAGGAACCACATTTTCAATCCTCCTTCACTGTCTTCCTACCATGTTCAGCCCAGAC;-
three_prime_utr|ENST00000612565|ENSG00000278384|53482_51867_-_GL000218.1;AGTGCTGGGATTACAGGCGTGAGCCACTGCGCCTGGCCGGATTTCTTTTTAAGAGATTCATCATACCT;-
five_prime_utr|ENST00000617590|STK3|98825671_98825541_-_8;CGGTGCCCCGGCTCCTTTCCTCCTTTCGGCCTTCGCCGTCCACCAGGTCCCTCTCTCTGTCCCCGGCCGC;-
five_prime_utr|ENST00000392848|DLK1|100725705_100725833_+_14;GGGTCTCTGGCAATCAGCATCCTCTACCTCCACCTCTCCAGCGGGCGACCCCTCAGAGAAGGTCTCCCA;-
three_prime_utr|ENST00000511820|CEP192|13124771_13124995_+_18;TTTTGTTTTTACAAGCTAATACTGAAGACTCGACTGAAATATTATGTATCTAGCCCATAGTATTGTACTTAACTT;-
five_prime_utr|ENST00000315087|ST8SIA5|46757053_46756509_-_18;GGGGAAATCGGCGGCTACCCGGCACCGGCGCCTGGAGGTAAAGGTACCCGGGGGTGGGGAAGGCCCCTGGCC;-
three_prime_utr|ENST00000536490|ST8SIA5|46680041_46679883_-_18;AACTGGGAGCCCCGAACCGGGCAGCGTGGGGTCCTGGCGTTCAGGCTGTCTCTCCCTCCATTGTTCAGCTCT;-
three_prime_utr|ENST00000559448|NIPA1|22820313_22820473_+_15;CCTGCTAAGCTGTGCAGGCTCCGTCGTGCTGATTATCCACTCCCCAAAGTCTGAGAGTGTGACAACTCAGGC;-
three_prime_utr|ENST00000545777|CABP4|67456141_67456218_+_11;CAGAGCCGTGGCTGGCCCTGGGGACATCCTGGACTCTCCCCCTGCAGGACCGCGAACTGGGCCCCGAG;-
five_prime_utr|ENST00000673691|MAPK8IP3|1706183_1706339_+_16;AGTGACGGGCGCAGCCTCGGCAGCGGCGGCGGCGGAGCCCTGAGGCGACAGCAGCTGCGGGAGGCGACGGG;-
three_prime_utr|ENST00000354753|GPSM1|136358221_136359605_+_9;AAGCCCTTCCCGTTCTGCCCTGCCCTGCCAAATGTGAAACCCTGCTGTCTCCCCCACCCTCCCCAAAGGT;-
five_prime_utr|ENST00000470370|RHEB|151518069_151517891_-_7;TTATTGGCAGCCTGAATCCATGCTCTTGTCTCTGTTCTCTTGATTTCCTCCTCTGCATTTTGAGGAGTTG;-
five_prime_utr|ENST00000611337|DHRS11|36594974_36595060_+_17;CTGGCTGCTGAATGTAAGAGTGCAGGCTACCCCGGGACTTTGATCCCCTACAGATGTGACCTATCAAAT;-
three_prime_utr|ENST00000523461|DGLUCY|91224684_91225331_+_14;TAACTTTTATTCCTAAGACTCTAAAGGCGTTGATTTCAACCCTCCTTCACTCTGGCTTCTTCAGGCAACCCAC;-
three_prime_utr|ENST00000409214|GTDC1|143947051_143945754_-_2;GCTTGTCATAGCTGACACAGAGCCATCTGCCACAAACCTGTGGCGGCTTCAGATCTCCAATCCCTGCCACC;-
five_prime_utr|ENST00000483388|ZNF362|33256545_33256654_+_1;AGAGCCGGAGCCCGAGCCCGGAGCCTGTGCCGGAGCCCCAGCCCGGCCCTGCTCGGGCCGCCGGGC;-
three_prime_utr|ENST00000496770|FNDC5|32864609_32864449_-_1;GACTTGGCTGCTGCCTGTGTGACACAGGGACACTGCAAGTTGATTTTGGATCCTCTCCTTTTGCAGGGTGCCA;-
five_prime_utr|ENST00000315948|LYSMD3|90529584_90529448_-_5;TGAACTTACCCGGGACAGCGGCGGCGGCGGACCTTTTGGCCATCTTCTCGCAGAGTGCTCCCTGCTAACG;-
five_prime_utr|ENST00000280333|DOCK1|126905409_126905517_+_10;CTCCGCCGCAAACTTTTTCCTCCCCATCCTGTCGCGGCTCGAAAGGAATGGAAAATGGCGGCCTAGACGCGG;-
three_prime_utr|ENST00000258385|CHRND|232535313_232536664_+_2;GTCCCTGCCCCCCAGCACCTACTCCTCTCCAAATTAGGGTTGTCATGCATTATTTGGGGCATACATATTCTA;-
three_prime_utr|ENST00000350526|PAX3|222201923_222201713_-_2;GGCAAGATTAAGCCACACATGCCGGTATCAATTTTTTTTTTTTTTTGCAAAGCCAGCTGACTGTTCCAGCAGGGG;-
three_prime_utr|ENST00000566658|SNAPC5|66494552_66494228_-_15;AGGGGGAAAGCCAGGCTGGTCAGTTATACAAATTGCATTTCTAAGGCTCAGGCTACTTCTCCTCAAGGAAA;-
three_prime_utr|ENST00000561010|GABPB1|50278784_50278542_-_15;CAGCAGCTCCTAAAGAAAGAACAGGAAGCAGAGGCCTACAGACAGAAGTTGGAAGCTATGACTCGTCT;-
five_prime_utr|ENST00000471196|ZNF148|125331238_125331158_-_3;GATAGAGGGAGGAATCAGCAGCTTGGAAATTCAAGCACGTGATCTGGCGGGATGGGCGTTTGCCTAACGTA;-
five_prime_utr|ENST00000579565|MSL1|40123285_40123380_+_17;ATCCTTCTGCTGCAATTGGACCTCATCGAACAGCAGCAGCAGCAGCTGCAGGCCAAGGAAAAGGAGATC;-
three_prime_utr|ENST00000380062|IFT74|27062737_27066134_+_9;GGGAGATTTTTAGCTTTGAATGTTACTTCTCAAATAGGTTATATTTGATGTGTATTAGACCATATAATGTCACAG;-
three_prime_utr|ENST00000689650|SAA1|18269338_18269967_+_11;TTGCCTGCCTTGATTACAGCGATGCCAGAGAGAATATCCAGAGATTCTTTGGCCATGGTGCGGAGGACTCGCTG;-
three_prime_utr|ENST00000439676|WAC|28611774_28611922_+_10;ATGTTTCTCCAAGAATAAGCACACCTCAAACTAACACAGTCCCTATCAAACCTTTGATCAGTACTCCTCCTG;-
five_prime_utr|ENST00000597061|ZNF773|57499957_57500080_+_19;GGTGGCGGCGCCCAGGGTGGCCCGGGCCCTTTCCTCGGTCGTTGTCTCACCGCCACAGGCTCCG;-
five_prime_utr|ENST00000515629|SLC38A9|55672695_55672620_-_5;GCCTTTCTGTATAGAGCCCACAAACATCGTGAATGTGAATCATGTCATTCAGAGGGTTAGTGACCATGC;-
three_prime_utr|ENST00000377067|GPC5|92866440_92867237_+_13;GACACACTTTAAAAATATGTCTTTTTTCAATCTAACTGAAAACCTTCTTAACTTCTAATATATTAAATCTGAA;-
five_prime_utr|ENST00000537517|WASHC2C|45727236_45727317_+_10;TTGGCTGGGGCTAGGCTTCCGGGGCTCTGCGGTCCTCGGCCTGTGCTGGCAGCCTCGGAGCCCACCG;-
three_prime_utr|ENST00000545682|TMEM134|67464696_67464353_-_11;AAACCCCAGCCCCTAGGGAGTTTGCTCAGGAAGTTCGGGGCATGCAGGCCTGGCCCTGGGAAAGCCGCCCGT;-
URS0000000055_9606 Homo sapiens (human) ZNF451 regulatory antisense RNA 1;GCTCACATGCTTCTTTGCTCATGCACAACCTAGACAAAACTATGTAACCAACTCCTGTGTACAGTTTCACGGAATTG;-
URS00000000C9_9606 Homo sapiens (human) MEF2C antisense RNA 1;AGGCAATAAAGCCACTGTGCTGGCCCCTAATCAAGGTCAGTACATATCATTATACGACTGATCCAAATTTGA;-
URS00000000FD_9606 Homo sapiens (human) long intergenic non-protein coding RNA 1937;GAGGGCCTCAGGCACGTGCGTGTGGACACCACATTCCCATCCACTAGAATGGCAAACATTACAAAGACTGTT;-
URS00000005D1_9606 Homo sapiens (human) novel transcript;TGAAAAGTGGTAGCAAGCAAGACTAAAATTTTAACATATACAGCAATAACACTGACATCTGTCTGTCTTA;-
URS0000000AA1_9606 Homo sapiens (human) CCL3 antisense RNA 1;CCCAAGAGAAGCCTTGGACATCTCTCATAAGACATCCAAGGGACAGAGCTCCTGGGAGACCTAGAGTGAGCTGG;-
URS0000000EF6_9606 Homo sapiens (human) ADAM7 antisense RNA 2;TGCACATCTCAGGAAAATCACATTCATCTTTCGCCGGTCTGCATATGGACCCTGCTTTTTTTATCTGTTGAGG;-
URS0000000F07_9606 Homo sapiens (human) novel transcript;GGGGCACTCTAACCTTGCAAGAAAGAGGCTGCCAGTCTTGCATCAGATGCAGAAACCAGGGCGCAGAGTA;-
URS0000000F66_9606 Homo sapiens (human) THAP9 antisense RNA 1;CAAGCCTGAAAATGCGAAGCAGAGAGGCAGGACCAAAATTGAGGCGAATCCAGGAACCTGCCAATG;-
URS0000001175_9606 Homo sapiens (human) family with sequence similarity 99 member B;TGGTTTTCAGGGATGGAGAAGGCTCCCTGTCCTCCGCTGGAACCCTGCAGCCGGGCTGACGAGACCCCA;-
URS00000012EC_9606 Homo sapiens (human) tRNA-Ile;AGAAATATGTCTGATAAAAGAGTTACTTTGATAGAGTAAATAATAGGAGCTTAGACCCCCTTATTTCT;-
URS0000001346_9606 Homo sapiens (human) tRNA-Lys;AAGCCCGGCTAGCTCAGTCGATAGAGCATGAGACTCTTAATCTCAGGGTCGTGGGTTCGAGCCGCACGTTGGG;-
URS0000001417_9606 Homo sapiens (human) novel transcript, antisense to FXYD2;TTGGAGTGGGGTGTCACAAGGACTTGGTGCTGAGTTGGCTCCTCTGTGATCTCCTGCGGCACACACTCCA;-
URS0000001648_9606 Homo sapiens (human) non-protein coding HDHD5-AS1:24;GGCCTCCCTCAGCTTCGCGGACTGTCTGGGCCGGGGGTCTCAACCTTGACTTCAGGGCCGGGCCGCTGGGGC;-
URS00000019A0_9606 Homo sapiens (human) long intergenic non-protein coding RNA 1588;AGTTGGCAAACGTGAATCTACTAGAAGATTGACATGGAGATCGACAACAGGATGGTGGACCTCATGGCC;-
URS0000001A7A_9606 Homo sapiens (human) microRNA hsa-mir-625 precursor;AGGGTAGAGGGATGAGGGGGAAAGTTCTATAGTCCTGTAATTAGATCTCAGGACTATAGAACTTTCCCCC;-
URS0000001E80_9606 Homo sapiens (human) CXXC5 antisense RNA 1 (CXXC5-AS1);CAGCGGGGGCGAGGAGCCGGAGGAAAAATGCAGAAGTAGCCGCCGCTTCTTCCAAGTGGTGGGGGAGG;-
URS0000001EB1_9606 Homo sapiens (human) novel transcript;TGCACTACCCCCAATATTGTGCATGTGAGGTTGATGGTTAACAGCCTCCTGTGTTAATCAACTA;-
URS0000001EB3_9606 Homo sapiens (human) microRNA hsa-mir-31 precursor;GGAGAGGAGGCAAGATGCTGGCATAGCTGTTGAACTGGGAACCTGCTATGCCAACATATTGCCAT;-
URS0000002F79_9606 Homo sapiens (human) partial 12S ribosomal RNA;AGCAATGCAGCTCAAAACGCTTAGCCTAGCCACACCCCCACGGGAAACAGCAGTGATTAACCTTTAGCAA;-
URS00000030C0_9606 Homo sapiens (human) novel transcript;GTTGCTGTAATGAAAATGGCTTTACTCTGGATTTTCTGAACGCAAAATTCTGGATGATTTAATTAAATATGAA;-
URS00004676A5_9606 Homo sapiens (human) novel transcript;CCTCAGACCTCCAAGACGTCGAGTGTGGAGGACACCCTGGAGGAGGAGATGGAACCCTCCTGTTTGCTG;-
URS0000467AB5_9606 Homo sapiens (human) small nucleolar RNA, C/D box 105 (SNORD105);CCCCTATCTCTCATGATGAACACATATGCCTCTGAGCTGCTGTGATTTCTGGCTTCAAAGTAAACGCTC;-
URS0000468B02_9606 Homo sapiens (human) tRNA-Cys (anticodon GCA) 19-1 (TRC-GCA19-1);GGGGGTATAGCTCAGGGGTAGAGCATTTGACTGCAAATCAAGAGGTCCCTGATTCAAATCCAGGTGCCCCCT;-
URS00004691C6_9606 Homo sapiens (human) novel transcript;CAGGAAAAAATCCCACCAATTTGAAGATGCCACCTAGGAAACAGAAATTCTACGAGTGGGAATTTTTTC;-
URS0000469345_9606 Homo sapiens (human) tRNA-pseudo Likely pseudogene;GAAAGAAAGAAAGAAAGATACAAGAACAATACACAGTTTTTGAAACTGACTTTTTCCCTGAGGATGAA;-
URS0000469413_9606 Homo sapiens (human) novel transcript, antisense to COCH;TGATGTAAAGTTTTTCAAGTAAAATTCTATTTTGGGATGTTCACTGAGTGGAAGAAAGAAAATGTTAT;-
URS0000469481_9606 Homo sapiens (human) long intergenic non-protein coding RNA 159;CCCAGTTGTGTCTCTGGGTGTGTAAGCCCAGCAGCAGGCAGTGTGTCATCGCTGTGTCAGTTCTATGG;-
URS00004694F6_9606 Homo sapiens (human) novel transcript, antisense to GPR65;TGGAATGCTGACTATAATCACAAAGATGTAAACAATGGGAAACAAATAGTGATCCAGGTCATGCTGTTCTTCAA;-
URS0000469834_9606 Homo sapiens (human) long intergenic non-protein coding RNA 2358 (LINC02358);TATCAGATTAAACAACAGCATTACTTTCAGAGGGCCACCAAGAAAAAATTGCCTGGGAGAAGAGTAAGGAG;-
URS0000469D1B_9606 Homo sapiens (human) PRKCZ divergent transcript;CCTGCGGCGCGCGCTGCCAGCCCGAGGGCCCCGCCGTCCAGGGGTCCCCTGACATCTCACACTTGCGGACTGAAG;-
URS000046A00C_9606 Homo sapiens (human) novel transcript;CAGCGGTCTCTTTGTTAGTATCCATGATTGAAGGCATATTGCTTCAGTTCTCAAAGCATGGCCAGAAGATGTCATC;-
URS000046AA00_9606 Homo sapiens (human) novel transcript;TACCAAGACTCTATGGGTGTTTCTTTATGACAATGCAAAATGGACTAACAGAGGTGATCACATTGATAGGAGGG;-
URS000046B4E1_9606 Homo sapiens (human) novel transcript;CCATCCTCTGCCACTTCTGAAACAAGCAGGTCTTCAGGCAGTCTCGGGGACTGAGGTTGTAAGTTTTATGTCTCGA;-
>URS000046C090_9606 Homo sapiens (human) 16S ribosomal RNA;ATCAACCAACAAGTCATTATTACCCTCACTGTCAACCCAACACAGGCATGCTCATAAGGAAAGGTTAAAAAAAG;-
URS000046C2B0_9606 Homo sapiens (human) long intergenic non-protein coding RNA 2424;GGCAGAGGTGGGAAAAAATAGAAAAAAGAAAACGAAAAGAGCAAATACATTCTTCCTTCCTATCTTCCACTTGC;-
URS000046C302_9606 Homo sapiens (human) non-protein coding lnc-CDY1B-1:1;CACACAACATGGCCTTCAGCAATGCTGATTCAGGCTTTGTGGATGCCCAGCTGGTGCTGACCCACAAGGACCTCCTG;-
URS000046C31B_9606 Homo sapiens (human) SNCA antisense RNA 1;AACCAAGAGAGCGGGCAGACAGATTTTATGTGAGAGAAAAGTTGGATGCTCACGCTCCATGGAGCATCCTCGCG;-
URS000046C421_9606 Homo sapiens (human) novel transcript;CATGGCACAGAGGAAGGATGGGGCACCTGGATTCAAAATCTGCTTACACCATCCACGGAGCCTGGGATGTTGAAGAA;-
URS000046C4FB_9606 Homo sapiens (human) novel transcript, antisense to TAF6L;AGACCCCGGCGTGGCGAAGGCTGCTACCGAGACGACGGCGGCGGGGGCGGTGGCGGCGGCGCCCACTCACGAGCT;-
URS000046C71E_9606 Homo sapiens (human) maternally expressed 8, small nucleolar RNA host gene;GTCAGAAGCCTTATGGTTGCCACAGGGTATTAGGAGCATGGAGACCAATAATGGATGTCCTTGTTCTGATTTGAGGATG;-
URS000046C8F5_9606 Homo sapiens (human) novel transcript;TGATTCTGTGGTGATGCGGACTTTGTGCCTCTCTGTGAGGAATCACTTTGTTCCAATGACGCAATTTTCCTCACAC;-
URS000046CC27_9606 Homo sapiens (human) EVX1 antisense RNA;GAGTGTGAAAACAGACAGAGAGACACACACACTGAGAGAGGGAGACACCCAGGCAGAGGGGATGCAAATGGAATTCCG;-
URS000046D0B3_9606 Homo sapiens (human) novel transcript;ATGTGGTTGTAAAAAAGTGCCTTGTAAATTCTAAAGCACTAGAGAGTGAATACATCTCCAGGATGAGGCCACCCATTTT;-
URS000046D4BB_9606 Homo sapiens (human) novel transcript, sense overlapping DBNL;TCACGAGGCGCCAGGCTAGGAGGCGGCCCTCAGCAGGCAGAGGAGGAGAGCCAGAGGAGCTGGTGCAGACCA;-
URS000046D6B5_9606 Homo sapiens (human) novel transcript, antisense to PAK4;TATATTCCCTGAAGAAACGCAGGCACCGGCACCCCAGGAGATGCTACAAAGAGATGGCTCGCATCAGCGCAGCA;-
URS000046DA76_9606 Homo sapiens (human) novel transcript;ATCTGAAGACCCAGCAAAGCCCAGCTCTGCCAGCAGCTTGCCAGGACCTGAGAAAGCCCCTCTCTCCCCGGGCCTC;-
URS000046DA82_9606 Homo sapiens (human) FAM170B antisense RNA 1;TGTGTGGAGGAAGACACCACGGTGCTCTACTGAGCCATGAAAGTCACGCCTGACCTAAACAGAAGACTACGTCCCC;-
URS000046DBA0_9606 Homo sapiens (human) novel transcript;AAATTTTAAATAGAATATGCAAAATGATGACCTCAATAATAAAAAATATTGTGTTTATTCACAAGAGTTAAATAATGTT;-
URS000046DC64_9606 Homo sapiens (human) long intergenic non-protein coding RNA 457;ATTAGTTCTAAGACAAAGATGGAGACATCAATAAGATTGGGAAATACTCAGACGTCAGAAGAATTTGGGTTTGAA;-
URS000046E26A_9606 Homo sapiens (human) ZBTB20 antisense RNA 1;GAGAATGGAATCTCCTGGACCATTGTCTCTTGCCTTCTTTGCAGAATTTTACATTTGTTCTGTCAGAAAAATAACAATAA;-
URS000046E633_9606 Homo sapiens (human) novel transcript;CCCAATCACCAGTACAAGCCACCCGTATCAGTGTACACTGTGGCTGACCGATCCATAGTGATGCTTTGAGCAC;-
URS000046E6AB_9606 Homo sapiens (human) MMP20 antisense RNA 1;AACAAAAAGAATCTTTGAAACTTCCCTTCAACTGGTCATCCTCTTCCCTTTTTCTCTCCTTTAAACACTGTTCC;-
URS000046E9EF_9606 Homo sapiens (human) novel transcript, sense intronic to TSPAN3;GTTAGAATCACTTCTCTAAAGCATGCTGATTTTGAGATTGCTAAAATTAGAAACTGTACCAGAATTTACATGACACT;-
URS000046EA28_9606 Homo sapiens (human) novel transcript;CAGTTGGGTGATTTTATTCTCTAAAATATGCACTCAGGACCAGGCGAGGTGGCTCACACCTGTAATCCCAGCACTTTA;-
URS000046EACE_9606 Homo sapiens (human) long intergenic non-protein coding RNA 668;AGGGCTGGGGGGCCGGGGTGTTTCCAGTGAAGCCAGTTGGCATCCTGGCCGCTCTCTCCGAGTGGAAGGCAGAG;-
URS000046EC64_9606 Homo sapiens (human) CCDC144NL antisense RNA 1;AGAGAAGGGTGTCCCAGATGTAGGCAAAGCGTCCTCCATGTGTTCCTGGAGGACCGTCCCAAGTCCTTCTCCATTCTCC;-
URS000046F13D_9606 Homo sapiens (human) PDC antisense RNA 1;ACAGAACTCTTTCTTGATTTCTCTTTTGCCTTTACCTTTGGTCTCAACACTTGGACTGGTCCTGTAATTTTGTTTCTCT;-
URS000046F2A0_9606 Homo sapiens (human) novel transcript;AGGCCAAAAGCTCTTAAGACCAAAACGGTCTTTCAGGGCGCGGTTGCACGGTAGCACCCCCATTTCCCAA;-
URS000046F499_9606 Homo sapiens (human) RABGAP1L intronic transcript 1 (RABGAP1L-IT1);AATTGTGAATGGGAGTTCACTCATGATTTGGCTCTCTGTTTGTCTGTTATTGGTGTATAAGAATGCTTGTG;-
URS000046F728_9606 Homo sapiens (human) 16S ribosomal RNA;AGAATCTTAGTTCAACTTTAAATTTGCCCACAGAACCCTCTAAATCCCCTTGTAAATTTAACTGTTAGTCCA;-
URS000046F768_9606 Homo sapiens (human) SHANK2 antisense RNA 2 (SHANK2-AS2);TTTCCCTTCCCAGCTAGAAAGACTCATCCATCAGGCTGTGTCAGACGCACCTGAGCCCTCCAGGGTGGTCAAAG;-
URS000046F8C7_9606 Homo sapiens (human) novel transcript, antisense to PPP2R1A;AGCATTATTTTCTACTTACTATGTAGTCTAGGGTTCCTCCTGTTTCTCTGCCACCTAGAGATCAATTCATTT;-
URS000046FCC1_9606 Homo sapiens (human) long intergenic non-protein coding RNA 2640;TTATGACCCAAAGTAACAGAGCTGAGTGGCTCCATGCAGAAGTCTGTGTTCAACATCTGTCATGCTGGAGA;-
URS000046FF14_9606 Homo sapiens (human) novel transcript;AAACGACCAAGTACAAACCCTTCTCTGAGCCGTTGTGCCAGCACCTCCAACGCTCTTCCCAACGCTGACC;-
URS000046FF90_9606 Homo sapiens (human) 16S ribosomal RNA;GAATGGCTCCACGAGGGTTCAGCTGTCTCTTACTTTTAACCAGTGAAATTGACCTGCCCGTGAAGAGGCG;-
URS000226AAED_9606 Homo sapiens (human) PREDICTED lncRNA (TCONS_00251286);ACCCTCCGAGCCAGTTCCCGAGAGATCCCATGATCCAGAGACAAAGGTGGCAGCTTTGGAGCAAGTGGAGA;-
URS000226AC54_9606 Homo sapiens (human) PREDICTED lncRNA (TCONS_00044577);CTCAAAAAAAACAGAAGCTTCAAACAAACAACCAACCAAAAAAAAAAAAAAACTGTGGGTTCATCAGAGGTGGTAG;-
URS000226AC63_9606 Homo sapiens (human) PREDICTED lncRNA (TCONS_00262995);GGGTGTTTAAGGCATTTCCAAAGCTCTGTTATTAAAAACACGATGCAATGAGTTTCTTTCAGCATTTCCCCTTGTT;-
URS000251DFDB_9606 Homo sapiens (human) non-coding RNA;CATCATGAATCCTATGCTCAAGTGAGATCAGCTCAAGTGAGACCAGATATCTGAAGACCTTTTCATTTTCG;-
URS000251E009_9606 Homo sapiens (human) ncRNA;TGCAATACGGAAATTTTAATAGCTGACGTGAAAAGGGGTTGTCTCCATAAAGGATGCGGGCCTTCAGGGGCAGCAT;-
URS000251E00E_9606 Homo sapiens (human) ncRNA;GAGTCACTTGCACCAGGGGCAGTGCCCCACCTGCTCCCAGAGCCCGGAAAAGTGCTACTCTCACCTGTTTCTT;-
URS000251E041_9606 Homo sapiens (human) non-coding RNA;GGAGCTTGCTGGCAGCAGCGCCTGTTTCCCACCCGGCTGGCCGCAGACCTGGCGCTCAGTGTGGCTCCCGCT;-
URS000251E060_9606 Homo sapiens (human) ncRNA;GGAGATTTCTGGGGCTTTGGAGGGAATCGTGAGCGGGCGGGAGGAGGCCGGGGACCACACAGAGAATAACTTGTCT;-
URS000251E0D1_9606 Homo sapiens (human) ncRNA;ACCCAGTCTATGGTAACTTGCTATAGCAGCCCACTAGGAGACCCCAAGATATTTAAAAACTCATCAGCACCTGCTTTC;-
URS000251E0D3_9606 Homo sapiens (human) non-coding RNA;CTAGGTCCGTGAAGAGGAAGGTGGGAAGGGCTGGGCAGTGAGCTTCTTCAGAGCTGAGGTTCTTCTCTGCCACC;-
URS000251E107_9606 Homo sapiens (human) ncRNA;CCTTAAGCTAGTCTAACCCTGAACATTTCATCATTTCATTGACATGAGCCCAGGTTTTCTTTTTTTTT;-
URS000251E110_9606 Homo sapiens (human) non-coding RNA;CTCACGCCTGTAATCCCGGCACTTTGGAAGGCCGAGGCCAGTGGATCACCTGAGATGGACTCAACGACTCTCTT;-
URS000251E116_9606 Homo sapiens (human) ncRNA;AAGTCATACATTCTTTGGCTAGTAATCTTGGGTTACTCACTCATGAGAGGCCAAGCTTTATCTAGGAAGTTC;-
URS0002554626_9606 Homo sapiens (human) ncRNA;CTGAGTGCAGCAAGAGGGGAGCCGGGCTGGAGAGTGGGGAGCACGGAGACTGTGGCCTGGATGGTGCCA;-
URS000255465F_9606 Homo sapiens (human) non-coding RNA;CCAAAAGTCGTGCCGCCATCCGTGATCTCTAAGACAGGTCGGCCTGCGTGCCCCTGGGCTGCTCTCTCATCCG;-
URS0002554680_9606 Homo sapiens (human) non-coding RNA;GAAATCCAAGATGGCGCCTCTGAAGAGCCTCTGGCTTTATCATCATCCTGTTCTCATGCTAAACAACATG;-
URS00025546A4_9606 Homo sapiens (human) non-coding RNA;GGACAGAGAGAAATGCCGAGGAATAGGGGCGCGGCCGCCCGGTTTCGGCGATGGGTTATAGGGTCCGCG;-
URS00025546B4_9606 Homo sapiens (human) ncRNA;CTCTCCTGGCATCTGGACCCTTGGTGCTATCGACGAAGCTTGGCTGGCGCTCTTAGCTGCTATGTGCAAGACG;-
URS00025546DC_9606 Homo sapiens (human) ncRNA;GGCACCTGCAGGAAACAAGCTCCTACTTCCAGAAAAAGTGCTCCTGGGACTCCAGGATACCAGGCATCTG;-
URS0002584BFB_9606 Homo sapiens (human) ncRNA;AAGACTGCCATCCCTTGAGTCACTTGCCCTGTAGCTGCCACTGTTGGAAAAGGGCTTGCTTCTGTGTCCTTGTGC;-
URS0002584BFD_9606 Homo sapiens (human) non-coding RNA;AGACTTGAACTAGTGGTTAAATCCCAACATGTCCCAGAGAAGTCAAAAGCATTGTAAAATCTGGGAATCTG;-
URS0002584C22_9606 Homo sapiens (human) non-coding RNA;GGGCTGTGAGCTTTGTCTGGGGCCTGTGGGAGAGAGCTTGGCTTGAGCTCTCCTGGCTCTCTCCACAAAGAGTC;-
URS0002584C41_9606 Homo sapiens (human) non-coding RNA;GTTCATGAGTGCTGCTGCTGTCCTGCCCAAGTACCCAGCTTGCAGAGTGCCAGAGTTAGAGTCCCAGGGGTGT;-
URS0002584C63_9606 Homo sapiens (human) ncRNA;GGAGACTGCCACACAAAGAACTCTAAAAATTTTGATTTTCAGCAAACCTTCAGAAGGCAAAAGGGAAAG;-
URS0002584CA7_9606 Homo sapiens (human) ncRNA;ACAACACATAGCTCAGAGAAAAAAAAAAAAAGAGTGTTGCAAGACCAGATATAGGATATCATTTGATTTG;-
URS0002584CAD_9606 Homo sapiens (human) 28S ribosomal RNA;GGCGGGTGCGGGGGGTGGGCGGGCGGGGCCGGGGGTGGGGTCGGCGGGGGACCGTCCCCCGACCGGCGA;-
URS0002584CBB_9606 Homo sapiens (human) ncRNA;ATCCAAAGGAATGGACCATAGCACAGCCCTGTTTTCTTTAGACGCTGACTCCTGCTGTCTACCAGATC;-
URS0002584D9D_9606 Homo sapiens (human) non-coding RNA;AAATTACTGTTATTTTGCTTTAAAAAATGTGATGTCTAAGAGTGTCTGCAATGTTCTAATGCTTCAAAA;-
URS0002584DD0_9606 Homo sapiens (human) ncRNA;AACAGCTTTGTTTCTATTAGCAAAAAACTGGAAACAACTGAAATGCTCTTCACCGTGGGCACATATAAAC;-
URS0002584E0E_9606 Homo sapiens (human) ncRNA;TTTTGACAAAGGTATACACCTGTGTAACCATTGCCACAATCAGGATGTAGAACATTTTCATCGTTCTAAAATGTTC;-
URS0002584E2D_9606 Homo sapiens (human) ncRNA;AGCAAACAGTAGCAGCAGCATGCACCAAAAGAGAATGGAAAGTGAAAAGAACACAACAGATCATTTTA;-
URS0002584E3C_9606 Homo sapiens (human) non-coding RNA;ACCAAGGATAACTTTCAAATGTATGCTTAAGCAACTGGATGGATAATGATGCCATTGAGTGAGTGAAAAAC;-
URS0002584E49_9606 Homo sapiens (human) non-coding RNA;GAACACAAAAAAAGACGGCGGTACTCTTTCCCCTTTCCTTGCTTTCTCCTGCTACCAAAACAAACAACAAAAACTACA;-
URS0002584E9A_9606 Homo sapiens (human) ncRNA;CGCTGCACACTTAGTGCGGGCCCGGAGCTGCCGGTGCAGAAGGGGGTTTCTGAGTTGGAGGGATGCAGGTGCG;-
three_prime_utr|ENST00000428042|CATSPERE|244640082_244640360_+_1;ATATTGTTATTAAATTAATCCTTTGTTTGCCTTCATTTTAAAGATACTCTATGTACTCTCACATGGCATGAAAA;-
three_prime_utr|ENST00000311417|ZMAT3|179025016_179017223_-_3;TTCTTTTAAAGAAAGAAGTTAGATTTATAGTGTTATTTCTTACTTGCTATATTTCTTTGCACTAAAAAAGAGCT;-
three_prime_utr|ENST00000517558|TNFRSF10C|23115538_23115616_+_8;CCAGAGACACAGTGTGTCAGTGTAAAGAAGGCACCTTCCGGAATGAAAACTCCCCAGAGATGTGCCGGAAGTGTAGCAG;-
three_prime_utr|ENST00000356864|TNFRSF10C|23117032_23117445_+_8;AAACGCCTGCCCCTGCCCCAAGTCCTGGTGTCTCCAGCCTGGCTCTATCTTCCTCCTTGTGATCGTCCCATCC;-
three_prime_utr|ENST00000616623|CRY2|45880914_45883248_+_11;CAGTTCTGGCTGTTGTCCAAAGCATGGGATTCTGGAGGCAGCCAGAGCCCTGCTGAGTTCCTGCTTTCTGACCTGGAGG;-
five_prime_utr|ENST00000568126|IQCK|19717695_19718306_+_16;GATGTGGGTGGACCGCATTTCCCCATCTTCCCCGCCGCGCACTTCCTCTGGTGCAATCTCCACACCCCGC;-
five_prime_utr|ENST00000474809|TIA1|70248658_70248431_-_2;CCCGCTGGGCCGGGCGGTTTAGTGTAATTGCCGCCGGAGGAGGAGGCGGAGTAACCTCTGGTCAGCCGAGAA;-
three_prime_utr|ENST00000474809|TIA1|70224629_70224554_-_2;AGATGCCCGAGTGGTAAAAGACATGGCAACAGGAAAGTCTAAGGGATATGGCTTTGTCTCCTTTTTCAACAAATGG;-
five_prime_utr|ENST00000451279|PCYOX1|70259360_70259478_+_2;CGATTATTGGAGCCGGAATTGGTGGCACTTCAGCAGCCTATTACCTGCGGCAGAAATTTGGGAAAGATGTGAAG;-
three_prime_utr|ENST00000236412|PPP1R8|27850447_27851528_+_1;ATATGACCAGTTGGGGTAATTCAAATTAAAAAGGAAAAGATTTGTTTGGAAGTAACTGGTGTCTCTAAGAGGAAT;-
five_prime_utr|ENST00000505926|PDE8B|77210959_77211264_+_5;GTGTCGCAGGGCCCGGCGGCACCCCTGCCCGGCCTCTTCGTCCAGACCGACGCCGCCGACGCCATCCCCCCGAG;-
five_prime_utr|ENST00000503963|PDE8B|77331346_77331459_+_5;TGTGAGGAATCCTGGTTTGTATCTGCTGAGTGACCACATTTTCTGCTTTGCTGCAGATCGGATGACCATGAAG;-
three_prime_utr|ENST00000396081|HERPUD2|35633689_35632659_-_7;GTCTCAGAAAAAAAAAAAAAAGAGCTGCTTCACATATAAATGTCTATAGCTAGTAGCCTGGCCCTTTAATGTT;-
three_prime_utr|ENST00000434438|HIP1|75538171_75534088_-_7;TTCCACTGCTTCTTATGGTGGTTGGTTGGGTTTTTTGGTTTTGTTTTTTTTTTTAAGTTTCACTCACATAGCCAA;-
five_prime_utr|ENST00000440806|STX12|27773235_27773307_+_1;GCCTGCGGGTCCCGGCTGGCGGCTGCTTCCGGTAGGAGAGCGGTGTAGAGCGAGCAGGTCTCAGCTCCTCGTC;-
three_prime_utr|ENST00000649046|LRP2|169128662_169127109_-_2;CTATACCAGCTATTTAGGGAATAATTAGAAACACACTTTTGCACATATATTTTTTACAAACAGATGAAAAAAGTT;-
three_prime_utr|ENST00000650252|LRP2|169128830_169127829_-_2;CTTCTGTGTGTTGGCATTGTCTAACCAGAACTCTCTGTTTCATGTGTGTTCTCTCACTAGCTGCCAAGACAACATTT;-
three_prime_utr|ENST00000402029|MRPS12|38932701_38933020_+_19;CGGCTGGGGGCACAGTGGGCTGGGCGCCCCTGCAGAACATGAACCTTCCGCTCCTGGCTGCCACAGGGTCCTCC;-
three_prime_utr|ENST00000586539|ABCA8|68868084_68867289_-_17;TAAACAAATTTTGTTTAAATTTTTTTAATAAAAATCTTAAAACACTTTTTTTCTAACCTAGACTGAGAAATTCATGTTT;-
five_prime_utr|ENST00000448552|CHTF8|69132588_69132484_-_16;AGTCGGAAGTGCGCAGGCAGTGCTCGCGGCGGCGGCGACGGCGGCGGGAGGTTCGGTTGTCGCCCGTTGGCCGCGCGGCG;-
three_prime_utr|ENST00000285093|ACAA2|49783846_49782164_-_18;AGAGACCAGTGAGCTCACTGTGACCCATCCTTACTCTACTTGGCCAGGCCACAGTAAAACAAGTGACCTTCAGAGC;-
five_prime_utr|ENST00000576947|WSCD1|6084783_6085011_+_17;TCCTGAACATTCTCGCCTCTGTCGGGGAGTTAGAAAAGCTGTTCATTCTGCGTCCAGATAAAAGAGCTCGCCTCC;-
five_prime_utr|ENST00000552457|C12orf75|105330674_105330891_+_12;AGCCTCCCGCTCGGGGTGCGCCGCCCTTCGTCTGGGTCTCCGCCCCCAGGACCCGCGGCCGAGAGCTCCGGAGCGCGG;-
three_prime_utr|ENST00000677587|CTSF|66563932_66563464_-_11;GAAGAAAATTTTCTGATCTTAAGCCCAGCTCTGTTCTGCCCCCGCTTTCCTCTGTTTGATACTATAAATTTTCTG;-
three_prime_utr|ENST00000646700|POLR1C|43554962_43556107_+_6;ATGGTTTTACCCTAATTTAAAACAAATTTAAAATGTGTCATCTGCTTTCTTTGTGTCAGCCAATGAAAACGCTCCCTCT;-
three_prime_utr|ENST00000690940|FAM8A1|17608340_17611719_+_6;AATCTTAATATTTCATGATTAACTCTAAGTACTATTAATTAATAGCTTGCGAAATATTAGCAATTTTCCCATTATGGAC;-
three_prime_utr|ENST00000541562|VARS2|30926211_30926413_+_6;TCAGCTGTCAGGGTGCAGTGGGACGTCAGAGACTATGTGGTCCATCGCCTTCATTGTGTAAATGAGGACACAGA;-
five_prime_utr|ENST00000642557|SMIM1|3773063_3773181_+_1;GCTCGAGGCGTCTGCCGCACCTCAGCCCACGACCTGCCCCGCTGGGAGGTGCGGGCCGCTGGCCAGGCCCTG;-
three_prime_utr|ENST00000686229|TAF8|42079776_42080854_+_6;AAGGGCTGCTATTTCTGCTGTTGAGATTTCAGAGGCTATACTCTTTTTTTTTCTTTTCTTTTTTTTTTTTTTTTGA;-
five_prime_utr|ENST00000360121|SPN|29663219_29663316_+_16;CCTTTCCCCTTGGGGCCCTGTCCTTCCCAGTCTTGCCCCAGCCTCGGGAGGTGGTGGAGTGACCTGGCCCCAG;-
three_prime_utr|ENST00000504061|ENSG00000288258|155061991_155061622_-_X;AAAAAGTCAGCTACAAAAGTTAATGAATATGCCATCTATGCAGAACAGGCAGAAATATAAACACATTAAAA;-
three_prime_utr|ENST00000359933|ATG2B|96285754_96279195_-_14;CTGTGTTTATGTGTATGTGTTTTTAGATTAATTCAAGTTGTGTGCTATATTTCTTGTATAATTTACAAAGTTACACAA;-
five_prime_utr|ENST00000369564|AP4B1|113904793_113904718_-_1;GCTCCCACATCAGGACGAGAAGGAGCCCTCGAGTTACCGTGGGAGCTGTGGGAGCTGCCCTGTGACTCTTAGGAAG;-
three_prime_utr|ENST00000420878|ZSCAN30|35253449_35251068_-_18;ACTCTCTCTGCTAATTTTTATTTTGGCAGTTTTAATTAACCCACAATTGCTGAGGGCAATTAATACCTAAAAGA;-
five_prime_utr|ENST00000371962|AMOT|112822536_112822431_-_X;TCCCCTCTCCCCACCACAACCCAATGACCTCTACAAGAATCCCACAAGTTCCAGTGAATTCTACAAGGCCCAAGGG;-
five_prime_utr|ENST00000417833|TGFBR3|91866842_91866756_-_1;CTCTGCAGCTCTCCTCCCTCCTGTAATGCTTCCTCTGCCTGCAGTGTCATTCATCACCTGACTTTTAAAATCTTCG;-
five_prime_utr|ENST00000445237|HDAC7|47813484_47813373_-_12;ATTCCAAGGAGCCTAGCTCTGGCTCCTGAGGTGACCCCAGCCCAGAAGTCCCATTCCCCTCTACCCCAACCCCCAGA;-
three_prime_utr|ENST00000251020|SALL1|51137111_51135982_-_16;AAAGGTTTGGTTTTTTAATTTTTATTCTAAAATTCAACCTTTTTTTTTGTCGATTTAACCATTTCCATTTTGAACTGC;-
three_prime_utr|ENST00000490716|SUPT20H|37023030_37022011_-_13;TCAGAGCTCAACTCCTAGTACCCCTTCAGCCACCCCTACTCCCCAAGATTCAGGCTTCACCCCTCAGCCCACT;-
three_prime_utr|ENST00000302182|UBB|16382598_16382740_+_17;GCCCCAACTTAAGTTTAGAAATTACAAGTTTCAGTAATAGCTGAACCTGTTCAAAATGTTAATAAAGGTTT;-
three_prime_utr|ENST00000395705|CTBP2|124993985_124993855_-_10;TTAGCACAAGCCCTCAAGGAGGGCAGGATACGAGGGGCAGCCCTCGACGTGCATGAGTCAGAGCCCTTCAG;-
five_prime_utr|ENST00000674237|TBC1D30|64759484_64759649_+_12;CGGAGAACCGGAGAAAAGGGCGGAGAACCGGAGAAAAGGGCGGAGAACCGGAGAAAAGGGCGGAGAACCGGGAA;-
three_prime_utr|ENST00000379141|LRIG3|58872571_58872149_-_12;ACGTAAATTAATGATATAAATCATGATTATTTTATGTATTTTTATAATGCCAGATTTCTTTTTATGGAAAATGA;-
three_prime_utr|ENST00000541875|ALG10|34025863_34027029_+_12;CATTTTCCTCAACTATTCTACTTTTTTTCATTTACTCTCTTTTTTTCCTTTCCTCATCTCCTGTCTCCTAGCAAAATTA;-
