nombre;secuencia;sla
NC_001477.1 Virus del dengue 1, genoma completo;AGUUGUUAGUCUACGUGGACCGACAAGAACAGUUUCGAAUCGGAAGCUUGCUUAACGUAGUUCUAACAG;1
MN018292.1 Virus del dengue tipo 1, aislado D17037, genoma completo;AGUAGUUAGUCUACGUGGACCGACAAGAACAGUUUCGAAUCGGAAGCUUGCUUAACGUAGUUCUAACAG;1
MN018293.1 Dengue virus type 1 isolate D14001, complete genome;AGUAGUUAGUCUACGUGGACCGACAAGAACAGUUUCGAAGCGGAAGCUUGCUUAACGUAGUUCUAACAG;1
MN018286.1 Virus del dengue tipo 1, aislado D16152, genoma completo;AGUAGUUUCGUUACGUGGACCGACGAGACAGUUUCGAAUCGGAAGCUUGCUUAACGUAGUUCUAACAG;1
MG097876.1 Virus del dengue tipo 1 aislado SG(EHI)D1/30889Y14, genoma completo;AGUUGUUAGUCUGUGUGGACCGACAAGAACAGUUUCGAAUCGGAAGCUUGCUUAACGUAGUUCUGACAG;1
MK506262.1 Virus del dengue tipo 1 aislado Hawaii-2007, genoma completo;AGUUGUUAGUCUACGUGGACCGACAAGAACAGUUUCGAAUCGGAAGCUUGCUUAACGUAGUUCUGACAG;1
KY672939.1 Virus del dengue tipo 1 aislado DENV-1/China/YN/DGRL-49(2014), genoma completo;AAGUUGUUAAGUCUACGUGGACCGACAAGAACAGUUUCGAAUCGGAAGCUUGCUUAACGUAGUUCUAACAG;1
KY672935.1 Virus del dengue tipo 1 aislado DENV-1/China/YN/GM1503(2015), genoma completo;AAGUUGUUUAGUCUACGUGGACCGACAAGAACAGUUUCGAAUCGGAAGCUUGCUUAACGUAGUUCUAACAG;1
KY672933.1 Virus del dengue tipo 1 aislado DENV-1/China/YN/15DGR55 (2015), genoma completo;AGUUGUUUUAGUUUACGUGGACCGACAAGAACAGUUUCGAAUCGGAAGCUUGCUUAACGUAGUUCUAACAG;1
KY672934.1 Virus del dengue tipo 1 aislado DENV-1/China/YN/GM1502 (2015), genoma completo;AAGUUGUUUAAUUUACGUGGACCGACAAGAACAGUUUCGAAUCGGAAGCUUGCUUAACGUAGUUCUAACAG;1
KY672931.1 Virus del dengue tipo 1 aislado DENV-1/China/YN/15DGR4 (2015), genoma completo;AAGUUGUUAGGUUACGUGGACCGACAAGAACAGUUUCGAAUCGGAAGCUUGCUUAACGUAGUUCUAACAG;1
KY672937.1 Virus del dengue tipo 1 aislado DENV-1/China/YN/DGRL-6(2014), genoma completo;AAGUUGUUAAGUUUACGUGGACCGACAAGAACAGUUUCGAAUCGGAAGCUUGCUUAACGUAGUUCUAACAG;1
KY672943.1 Virus del dengue tipo 1 aislado DENV-1/China/YN/YNH12 (2013), genoma completo;UAGUUGUUAAGUCUACGUGGACCGACAAGAACAGUUUCGAAUCGGAAGCUUGCUUAACGUAGUUCUAACAG;1
MH823207.1 Virus del dengue tipo 1 aislado JMB-059, genoma completo;AGUCUACGUGGACCGACAAGAACAGUUUCGAAUCGGAAGCUUGCUUAACGUAGUUCUAACAG;1
KY057368.1 Virus del dengue tipo 1 aislado SUB-032A, genoma completo;AGUUGUUAGGCUACGUGGACCGACAAGAACAGUUUCGAAUCGGAAGCUUGCUUAACGUAGUUCUAACAG;1
KY057367.1 Virus del dengue tipo 1 aislado SUB-027A, genoma completo;AGUUGUUAGGCUACGUGGACCGACAAGAACAGUUUCGAAUCGGAAGCUUGCUUAACGUAGUUCUGACAG;1
KY057371.1 Virus del dengue tipo 1 aislado SUB-049A, genoma completo;AGUUGUUAGGCUACCUGGACCGACAAGAACAGUUUCGAAUCGGAAGCUUGCUUAACGUAGUUCUAACAG;1
MG877553.1 Virus del dengue tipo 1 aislado Hait�2012, genoma completo;UAGUUGUUAGUCUACGUGGACCGACAAGGACAGUUUCGAAUCGGAAGCUUGCUUAACGUAGUUCUAACAG;1
MG877555.1 Aislado del virus del dengue tipo 1 Ncal2013, genoma completo;UAGUUGUUAGUCUACGUGGACCGACAAGAACAGUUUCGAAUCGGAAGCUUGCUUAACGUAGUUCUAACAG;1
MF033197.1 Virus del dengue tipo 1 aislado 11887, genoma completo;AGUUGUUAGUCUACGUGGACCGAUAAGAACAGUUUCGAAUCGGAAGCUUGCUUAACGUAGUUCUAACAG;1
MF033203.1 Virus del dengue tipo 1 aislado 42373, genoma completo;AGUUGUUAGUCUGUGUGGACCGACAAGAACAGUUUCGAAUCGGAAGCUUGCUUAACGUAGUUCUAACAG;1
MF033229.1 Virus del dengue tipo 1 aislado 06038, genoma completo;AGUUGUUAGUCUGCGUGGACCGACAAGAACAGUUUCGAAUCGGAAGCUUGCUUAACGUAGUUCUAACAG;1
KR024705.1 Virus del dengue tipo 1 aislado Wuhan-Human-1, genoma completo;AGUUGUUAGUCUACGUGGACUGACAAGAACAGUUUCGAAUCGGAAGCUUGCUUAACGUAGUUCUAACAG;1
KC762630.1 Virus del dengue 1 aislado MKS-2097, genoma completo;AGUUGUUAGUCUACGUGGACCGACAAGAACAGUUUCAAAUCGGAAGCUUGCUUAACGUAGUUCUAACAG;1
EF032590.1 Virus del dengue tipo 1, cepa GZ01/95, genoma completo;AGUUGUUAGUCUACGUGGACCGACAGGAACAGUUUCGAAUCGGAAGCUUGCUUAACGUAGUUCUAACAG;1
AY762084.1 Virus del dengue tipo 1, cepa Singapur 8114/93, genoma completo;UUGUUAGUCUACGUGGACCGACAAGAACAGUUUCGAAUCGGAAGCUUGCUUAACGUAGUUCUAACAG;1
NC_001474.2 Virus del dengue 2, genoma completo;AGUUGUUAGUCUACGUGGACCGACAAAGACAGAUUCUUUGAGGGAGCUAAGCUCAACGUAGUUCUAACAG;1
MN018342.1 Virus del dengue tipo 2, aislado D17006, genoma completo;AGUUGUUAGUCUACGUGGACCGACAAAGACAGAUUCUUUGAGGAAGCUAAGCUUAACGUAGUUCUAACAG;1
MN018355.1 Virus del dengue tipo 2, aislado D17029, genoma completo;AGUUGUUAGUCUACGUGGACCGACAAAGACAGAUUCUUUGAGGGAGCUAAGCUUAACGUAGUUCUAACAG;1
MN018357.1 Virus del dengue tipo 2, aislado D14003, genoma completo;AGUUGUUAGUCUACGUGGACCGACAAAGACAGAUUCUUCGAGGAAGCUAAGCUUAACGUAGUUCUAACAG;1
MK543449.1 Virus del dengue tipo 2 aislado HNQY20180084, genoma completo;AGUCUACGGUGACCGACAAAGACAGAUUCUUUGAGGAAGCUAAGCUUAACGUAGUUCUAACAG;1
MH613985.1 Virus del dengue tipo 2 aislado C6L_P30, genoma completo;AGUUGUUAGUCUACGUGGACCGACAAAGACAGAUUCUUUGAGGGAGCUAAGCUCAACGCAGUUCUAACAG;1
MK513444.1 Virus del dengue tipo 2 aislado SG(EHI)D2/02862Y15, genoma completo;AGUUGUUAGUCUGUGUGGACCGACAAAGACAGAUUCUUUGAGGAAGCUAAGCUUAACGUAGUUCUAACAG;1
KY672955.1 Virus del dengue tipo 2 aislado DENV-2/China/YN/15DGR65(2015), genoma completo;GUAGUUUGGGUUACGUGGACCGACAAAGACAGAUUCUUUGAGGGAGCUAAGCUUAACGUAGUUCUAACAG;1
KY672949.1 Virus del dengue tipo 2 aislado DENV-2/China/YN/RL27(2013), genoma completo;GUAGUUUGUUUUUUCGUGGCCGACAAAGACAGAUUCUUUGAGGGAGCUAAGCUUAACGUAGUUCUAACAG;1
KY672945.1 Virus del dengue tipo 2 aislado DENV-2/China/YN/15DGR8(2015), genoma completo;AGUAGUUAGUCUACGUGGACCGACAAAGACAGAUUCUUUGAGGGAGCUAAGCUUAACGUAGUUCUAACAG;1
KY672952.1 Virus del dengue tipo 2 aislado DENV-2/China/YN/JH1505(2015), genoma completo;UUAGUAGGUUAAGUUUCGUGGACCGACAAAGACAGAUUCUUUGAGGGAGCUAAGCUUAACGUAGUUCUAACAG;1
KY672953.1 Virus del dengue tipo 2 aislado DENV-2/China/YN/JH1515(2015), genoma completo;GUGUUGUAAGUUUCGUGGACCGACAAAGACAGAUUCUUUGAGGGAGCUAAGCUUAACGUAGUUCUAACAG;1
KY672954.1 Virus del dengue tipo 2 aislado DENV-2/China/YN/JH1516(2015), genoma completo;GUAGUUUAGUUUACGUGGACCGACAAAGACAGAUUCUUUGAGGGAGCUAAGCUUAACGUAGUUCUAACAG;1
KY672947.1 Virus del dengue tipo 2 aislado DENV-2/China/YN/RL16(2013), genoma completo;AGUAGUUAGUCUACGUGGACCGACAAAGACAGAUUCUUUGAGGGAGCUAAGCUUCACGUAGUUCUAACAG;1
KY672948.1 Virus del dengue tipo 2 aislado DENV-2/China/YN/RL18(2013), genoma completo;AGUAGUUAGUCUACGUGGACCGACAAAGACAGAUUCUUUGAGGGAGCUAAGCUCAACGUAGUUCUAACAG;1
MH823208.1 Virus del dengue tipo 2, aislado JMB-010, genoma completo;AGCUUCCAGUCUACGUGGACCGACAAAGACAGAUUCUUCGAGGAAGCUAAGCUUAACGUAGUUCUAACAG;1
MH010629.1 Virus del dengue tipo 2, aislado D2/Zhejiang/HZ33/2017, genoma completo;CGUUGUUGGUCCACGUAGACUAACAACGACAGAUUCUUUGAGGAAGCUAAGCUUAACGUAGUUCUAACAG;1
MG721056.2 Virus del dengue tipo 2 aislado R1_J30_DENV2, genoma parcial;AACUGUUAGUCUACGUGGACCGACAAAGACAGAUUCUUUGAGGGAGCAAAGCUUAACGUAGUUCUAACAG;1
MG721054.2 Virus del dengue tipo 2 aislado R1_J17_DENV2, genoma completo;AACUGUUAGUCUACGUGGACCGACAAAGACAGAUUCUUUGAGGGAGCUAAGCUUAACGUAGUUCUAACAG;1
MH822949.2 Virus del dengue tipo 2 aislado T90_S83_DENV2, genoma completo;AACUGUUAGUCUACGUGGACCGACAAAGACAGAUUCUUCGAGGGAGCUAAGCUUAACGUAGUUCUAACAG;1
MF043956.1 Virus del dengue tipo 2, cepa DV01091, genoma completo;AGUUGUUAGUCUACGUGGACCGACAAAGACAGAUUCUUUGAGGAAGCUAAGCUUAACGCAGUUUCUAACAG;1
KY937187.1 Virus del dengue tipo 2 aislado XSMY10589, genoma completo;AGUUGUUUAGCUACGUGGACCGACAAAGACAGAUUCUUUGAGGGAGCUAAGCUUAACGUAGUUCUAACAG;1
KY937185.1 Virus del dengue tipo 2 aislado XZXM10610, genoma completo;AGUGGUUAAGGCUACGUGGACCGACAAAGACAGAUUCUUUGAGGGAGCUAAGCUUAACGUAGUUCUAACAG;1
KY937186.1 Virus del dengue tipo 2 aislado XLLM10666, genoma completo;AGUUGUUAGGUUACGUGGACCGACAAAGACAGAUUCUUUGAGGGAGCUAAGCUUAACGUAGUUCUAACAG;1
KY923048.1 Virus del dengue tipo 2, aislado D2Sab2015, genoma completo;AGUUGUUAGUCUACGUGGACCGACAAAGACAGUUUUCUUUGUGGAAGCUUUGGCUUAACGUAGUUCUAACAG;1
KY427084.1 Virus del dengue tipo 2 aislado RGCB880/2010, genoma completo;AGUUGUUAGUCUACGUGCACCGACAAAGACAGAUUCUUUGAGGGAGCUAAGCUUAACGUAGUUCUAACAG;1
KY921904.1 Virus del dengue tipo 2 aislado SG(EHI)D2/09423Y14, genoma completo;AGUUGUUAGUCUGUGUGGACCGACAAAGACAGAUUCUUCGAGGAAGCUAAGCUUAACGUAGUUCUAACAG;1
KU725664.1 Virus del dengue tipo 2, cepa PDK53, genoma completo;AGUUGUUAGUCUACGUGGACCGACAAAGACAGAUUCUUUGAGGGAGCUAAGCUCAAUGUAGUUCUAACAG;1
KT187554.1 Virus del dengue tipo 2 aislado DENV2/CN/GZDF571/2014, genoma completo;AGUUGUUAGUCUACGUGGACCGACAAAGACAGAUUCUUUGGGGAAGCUAAGCUUAACGUAGUUCUAACAG;1
KP406804.1 Virus del dengue tipo 2 aislado DENV-2/KBPV-VR-29, genoma completo;AGUUGUUAGUCUACGUGGACCGACAAAGACAGAUUCUUUGAGGGAGCAAAGCUCAACGUAGUUCUAACAG;1
KR779786.2 Virus del dengue tipo 2 aislado SG(EHI)D2/03157Y13, genoma completo;AGUUGUUAGUCUGUGUGGACCAACAAAGACAGACUCUUUGAGGAAGCUAAGCUUAACGUAGUUCUAACAG;1
KM279581.1 Virus del dengue 2, aislado DC380Y11, genoma completo;AGUUGUUAGUCUAUGUGGACCAACAAAGACAGAUUCUUUGAGGAAGCUAAGCUUAACGUAGUUCUAACAG;1
KM279544.1 Virus del dengue 2, aislado DC649Y12, genoma completo;AGUUGUUAGUCUAUGUGGACCAACAAAGACAGAUUCUUUGGGGAAGCUAAGCUUAACGUAGUUCUAACAG;1
KM279566.1 Virus del dengue 2, aislado DC793Y12, genoma completo;AGUUGUUAGUCUAUGUGGACCAACAAAGACAGACUCUUUGAGGAAGCUAAGCUUAACGUAGUUCUAACAG;1
KM279582.1 Virus del dengue 2, aislado DC389Y11, genoma completo;AGUUGUUAGUCUAUGUGGACCGACAAAGACAGACUCUUUGAGGAAGCUAAGCUUAACGUAGUUCUAACAG;1
KC762680.1 Virus del dengue 2 aislado MKS-WS80, genoma completo;AGUUGUUAGUCUACGUGGACCGACAAAGACAGAUUCUUUGAGGAAGCUAGGCUUAACGUAGUUCUAACAG;1
KC762661.1 Virus del dengue 2 aislado MKS-0412, genoma completo;AGUUGUUAGGCUACGUGGACCGACAAAGACAGAUUCUUUGAGGAAGCCAAGCUUAACGUAGUUCUAACAG;1
KJ918750.1 Virus del dengue 2, aislado P23085 INDI-60, genoma completo;AGUUGUUAGUCUACGUGGACCGACAAAGACAGAUUCUUUGAGGGAGCUAAGCUCAACGUAGUUCUAACUG;1
KC294216.1 Virus del dengue 2 aislado DENV-2/PE/FSL699/2002, genoma completo;AGUUGUUAGUCUACGUGGACCGACAAAGACAGAUUCUUUGAGGGAGCAAAGCUCAACGUGGUUCUAACAG;1
KC294217.1 Virus del dengue 2 aislado DENV-2/PE/FSL 4862/2010, genoma completo;AGUUGUUACGCUACGUGGACCGACAAAGACAGAUUCUUUGAGGGAGCUAAGCUCAACGUAGUUCUAACAG;1
KF041232.1 Virus del dengue 2, aislado D2/Pakist�n/2011-23/2011, genoma completo;AGUUGUUAGUCUGUGUGGACCGACAAAGACAGAUUCUUUGAGGGAGCUAAGCUUAACGUAGUUCUAACAG;1
KF041234.1 Virus del dengue 2, aislado D2/Pakist�n/2011-4/2011, genoma completo;AGUUGUUAGUCUGCGUGGACCGACAAAGACAGAUUCUUUGAGGGAGCUAAGCUUAACGUAGUUCUAACAG;1
JX649147.1 Virus del dengue 2 aislado CNS36, genoma completo;UUGUUGUAGUCUACGUGGACCGACAAAGACAGAUUCUUUGAGGGAGCUAAGCUCAACGUAGUUCUAACAG;1
GQ398301.1 Virus del dengue 2, cepa DENV-2/PR/17DN/1995, genoma completo;AGUUGUUAGUCUACGUGGACCGACAAAGACAGAUUCUUUUAGGGAGCAAAGCUCAACGUAGUUCUAACAG;1
GQ398309.1 Virus del dengue 2, cepa DENV-2/PR/1DN/1994, genoma completo;AGUAGUUAGUCUACGUGGACCGACAAAGACAGAUUCUUUUAGGGAGCAAAGCUCAACGUAGUUCUAACAG;1
EU081178.1 Virus del dengue tipo 2, cepa D2/SG/05K3330DK1/2005, genoma completo;AGUAGUUAGUCUACGUGGACCGACAAAGACAGAUUCUUUGAGGAAGCUAAGCUUAACGUAGUUCUAACAG;1
EU081179.1 Virus del dengue tipo 2, cepa D2/SG/05K4137DK1/2005, genoma completo;AGUAGUUAGUCUACGUGGACCGACAAAGACAGAUUCUUUGAGGAAGCUAAGCUUAGCGUAGUUCUAACAG;1
EU179857.1 Virus del dengue tipo 2, aislado DS31-291005, genoma completo;AGUUGUUAGUCUACGUGCACCGACAAAGACAGAUUCUUCGAGGAAGCUAAGCUUAACGUAGUUCUAACAG;1
EF457904.1 Virus del dengue tipo 2 aislado Dak Ar D75505, genoma completo;AGUUGUUAGUCUACGUGGACCGACAAAGAACAGUUUCUUUGAGGAAGCUUUGCUUUAACGUAGUUCUAACAG;1
DQ181799.1 Virus del dengue tipo 2, cepa ThD2_0017_98, genoma completo;AGUAGUUAGUCUACGUGGACCGACAAAGACAGAUUCUUUGAGGGAGUUAAACUCAACGUAGUUCUAACAG;1
NC_001475.2 Virus del dengue 3, genoma completo;AGUUGUUAGUCUACGUGGACCGACAAGAACAGUUUCGACUCGGAAGCUUGCUUAACGUAGUGCUGACAG;1
MN018373.1 Virus del dengue tipo 3, aislado D16006, genoma completo;AGUUGUUAGUCUACGUGGACCGACAAGAACAGUUUCGACUCGGAAGCUUGCUUAACGUAGUACUGACA;1
MN018381.1 Virus del dengue tipo 3, aislado D16016, genoma completo;AGUUGUUAUUCUACGUGGACCGACAAGAACAGUUUCGACUCGGAAGCUUGCUUAACGUAGUGCUAACAG;1
MN018370.1 Virus del dengue tipo 3, aislado D15037, genoma completo;AGUUGUUAGUCUACGUGGACCGACAAGAACAGUUUCGACUCGGAAGCUUGCUUAGCGUAGUACUGACAG;1
MN018375.1 Virus del dengue tipo 3, aislado D151655, genoma completo;AGUUGUUAGUCUACGUGGACCGACAAGAACAGUUUCGACUCGGAAGCUCGCUUAACGUAGUGCUAACAG;1
MN018382.1 Virus del dengue tipo 3, aislado D16021, genoma completo;AGUUGUUAUGCUACGUGGACCGACAAGAACAGUUUCGACUCGGAAGCUUGCUUAACGUGGUACUGACAG;1
MN018383.1 Virus del dengue tipo 3, aislado D14014, genoma completo;AGUUGUUUAUCUACGUGGACCGACAAGAACAGUUUCGACUCGGAAGCUUGCUUAACGUAGUGCUGACAG;1
MN018385.1 Virus del dengue tipo 3, aislado D16154, genoma completo;AGUUGUUAAGUUACGUGGACCGACAAGAACAGUUUCGACUCGGAAGCUUGCUUAACGUAGUGCUAACAG;1
MN018387.1 Virus del dengue tipo 3, aislado D17139, genoma completo;AGUUGUUAGUCUACGUGGACCGACAAGAACAGUUUUUCACUCGGAGCUUGCUUAACGUAGUACUGACAG;1
MN018388.1 Virus del dengue tipo 3, aislado D17641, genoma completo;AGUUGUUAGUCUACGUGGACCGACAAGAACAGUUUCGACUCGGAAGCUUGCUUAACGUAGUACUAACAG;1
MN018376.1 Virus del dengue tipo 3, aislado D151658, genoma completo;AGUUGUUGGUCUACGUGGACCGACAAGAACAGUUUCGACUCGGAAGCUUGCUUAACGUAGUGCUAACAG;1
MH823209.1 Virus del dengue tipo 3 aislado SMD-031, genoma completo;AGUCUAAAGUCUACGUGGACCGACAAGAACAGUUUCAACUCGGAAGCUUGCUUAACGUAGUACUGACAG;1
MH822957.2 Virus del dengue tipo 3, cepa T38_S72, genoma parcial;AACUGUUAGUCUACGUGGACCGACAAGAACAGUUUCGACUCGGAAGCUUGCUUAACGUAGUGCUAACAG;1
MH544647.1 Virus del dengue tipo 3 aislado 449335_Boyaca_CO_2015, genoma completo;UGUUGUUAGUCUGCGUGGACCGACAAGAACAGUUUCGACUCGGAAGCUUGCUUAACGUAGUGCUAACAG;1
MH544651.1 Virus del dengue tipo 3 aislado 476947_Risaralda_CO_2016, genoma completo;AGUUGUUAGUCUGCGUGGACCGACAAGAACAGUUUCGACUCGGAAGCUUGCUUAACGUAGUGCUAACAGU;1
KY921907.1 Virus del dengue tipo 3 aislado SG(EHI)D3/15095Y15, genoma completo;AGUUGUUAGUCUGCGUGGACCGACAAGAACAGUUUCGACUCGGAAGCUUGCUUAACGUAGUGCUGACAG;1
KY921906.1 Virus del dengue tipo 3 aislado SG(EHI)D3/23167Y15, genoma completo;AGUUGUUAGUCUGCGUGGACCGACAAGAACAGUUUCAACUCGGAAGCUUGCUUAACGUAGUGCUGACAG;1
KJ737429.1 Virus del dengue 3, cepa C0360/94, genoma completo;GGUUGUUAGUCUACGUGGACCGACAAGAACAGUUUCGACUCGGAAGCUUGCUUAACGUAGUGCUGACAG;1
KC762688.1 Virus del dengue 3 aislado MKS-2006, genoma completo;AGUUGUUAGUCUACGUGGACCGACAAGAACAGUUUCGACUCGGAAGUUUGCUUAACGUAGUACUGACAG;1
KF973485.1 Virus del dengue 3 aislado DENV-3/NI/BID-V7674/2011, genoma completo;AGUUGUUAGCUCUACGUGGACCGACAAGAACAGUUUCGACUCGGAAGCUUGCUUAACGUAGUGCUAACAG;1
JF808121.1 Virus del dengue 3, aislado D3BR/ACN/2007, genoma completo;AGUUGUUAGUCUACGUGGACCGACAAGAACAGUUUCGACUCGGGAGCUUGCUUAACGUAGUGCUAACAG;1
JF808122.1 Virus del dengue 3, aislado D3PY/SUS/2003, genoma completo;AGUUGUUAGUCUACGUGGACCGACAAGAACAGUUUCGAAUCGGAAGCUUGCUUAACGUAGUGCUAACAG;1
KF041254.1 Virus del dengue 3, aislado D3/Pakist�n/56/2008, genoma completo;AGUUGUUAGUCUGUGUGGACCGACAAGAACAGUUUCGACUCGGAAGCUUGCUUAACGUAGUGCUAACAG;1
JF937632.1 Virus del dengue 3 aislado DENV-3/NI/BID-V4750/2009, genoma completo;UGUUGCGUGUCUCAGUGGACCGACAAGAACAGUUUCGACUCGGAAGCUUGCUUAACGUAGUGCUAACAG;1
EU367962.1 Virus del dengue 3 aislado 07CHLS001, genoma completo;AGUUGUUAGUCUACGUGGACCGACAAGAACAGUUUCGACUCGGAAGCUUGCUUAACGUAGUGCUAACAG;1
EU081181.1 Virus del dengue tipo 3, cepa D3/SG/SS710/2004, genoma completo;AGUUGUUAGUCUACGUGGACCGACAAGAACAGUUUCGAUUCGGAAGCUUGCUUAACGUAGUGCUGACAG;1
EU081212.1 Virus del dengue tipo 3, cepa D3/SG/05K3927DK1/2005, genoma completo;AGUUGUUAGUCUACGUGGACCGACAAGAACAGUUUCGAUUCGGAAGCUUGCUUAACGUAGUACUGACAG;1
AY858041.2 Virus del dengue 3 cepa FW06, genoma completo;AGUUGUUAGUCUACGUGGACCGACAAGAACAGUUUCAACUCGGAAGCUUGCUUAACGUAGUGCUGACAG;1
AY679147.1 Virus del dengue tipo 3, cepa BR74886/02, genoma completo;AGUUGUUAAUCUACGUGGACCGACAAGAACAGUUUCGACUCGGAAGCUUGCUUAACGUAGUGCUAACAG;1
NC_002640.1 Virus del dengue 4, genoma completo;AGUUGUUAGUCUGUGUGGACCGACAAGGACAGUUCCAAAUCGGAAGCUUGCUUAACACAGUUCUAACAG;1
MN018391.1 Virus del dengue tipo 4, aislado D15047, genoma completo;AGUUGUUAGUCUGUGUGGACCGACAAGGACAGCUCCAAAUCGGAAGCUUGCUUAACACAGUUCUGACAG;1
MN018394.1 Virus del dengue tipo 4, aislado D151435, genoma completo;AGUUGUUAGUCUGUGUGGACCGACAAGGACAGUUCCAAAUCGGAAGCUUGCUUAACGCAGUUCUAACAG;1
MN018398.1 Virus del dengue tipo 4, aislado D16039, genoma completo;AGUUGUUAGUCUGUGUGGACCGACAAGGACAGUUCUAAAUCGGAAGAUUGCUUAACACAGUUCUAACAG;1
KY672956.1 Virus del dengue tipo 4 aislado DENV-4/China/YN/15DGR9 (2015), genoma completo;AAGUUGUUAGUCUGUGUGGACCGACAAGGACAGUUCCAAAUCGGAAGCUUGCUUAACACAGUUCUAACAG;1
MH823210.1 Virus del dengue tipo 4, aislado JMB-006, genoma completo;AGUUGUCAGUCUGUGUGGACCGACAAGGACAGUUCCAAAUCGGAAGCUUGCUUAACACAGUUCUGACAG;1
MG272273.1 Virus del dengue tipo 4, aislado D4/IND/PUNE/IRSHA-FG-02 (S-41), genoma completo;AGUUGUUAGUCUGUGUGGACCGACAAGGACAGUUCUAAAUCGGAAGCUUGCUUAACACAGUUCUAACAG;1
KY921909.1 Virus del dengue tipo 4 aislado SG(EHI)D4/09291Y16, genoma completo;AGUUGUUAGUCUGCGUGGACCGACAAGGACAGUUCCAAAUCGGAAGCUUGCUUAACACAGUUCUAACAG;1
KJ596663.1 Virus del dengue tipo 4 cepa DENV-4/MT/BR48_TVP17934/2012 aislado suero_48, genoma completo;AGUUGUUAGUCUGUGUGGACCGACGAGGACAGUUCCAAAUCGGAAGCUUGCUUAACACAGUUCUAACAG;1
KJ596669.1 Virus del dengue tipo 4 cepa DENV-4/MT/BR73_TVP17951/2012 aislado suero_73, genoma completo;AGUUGUUAGUCUGUGUGGACCGACAAAGACAGUUCCAAAUCGGAAGCUUGCUUAACACAGUUCUAACAG;1
KP723482.1 Virus del dengue 4 aislado DENV4/CN/GZ29/2010, genoma completo;AGUUGUUAGUCUGUGUGGACCGACAGGGACAGUUCCAAAUCGGAAGCUUGCUUAACACAGUUCUAACAG;1
JF262780.1 Virus del dengue 4, aislado P73-1120, genoma completo;AGUUGUUAGUCUGUGUGGACCGACAAGGACAGUUCCGAAUCGGAAGCUUGCUUAACACAGUUCUAACAG;1
AY618993.1 Virus del dengue tipo 4, cepa ThD4_0734_00, genoma completo;AGUUGUUAGUCUGUGUGGACCGACAAGGACAGUUCCAAAUCGGAAGCUUGCUUAACAUAGUUCUAACAG;1
NC_035889.1 Aislado del virus Zika ZIKV/H. sapiens/Brasil/Natal/2015, genoma completo;AGUUGUUGAUCUGUGUGAAUCAGACUGCGACAGUUCGAGUUUGAAGCGAAAGCUAGCAACAGUAUCAACAGG;1
NC_012532.1 Virus Zika, genoma completo;AGUUGUUGAUCUGUGUGAGUCAGACUGCGACAGUUCGAGUCUGAAGCGAGAGCUAACAACAGUAUCAACAGG;1
MK713748.1 Aislado del virus Zika PRVABC59, genoma completo;GUUGUUGAUCUGUGUGAAUCAGACUGCGACAGUUCGAGUUUGAAGCGAAAGCUAGCAACAGUAUCAACAGGG;1
MH882543.1 Aislado del virus Zika Virus Zika/H.sapiens-wt/BRA/2016/ZKV19Auri_2016-05-05, genoma completo;GUUGAUCUGUGUGAAUCAGACUGCGACAGUUCGAGUUUGAAGCGAAAGCUAGCAACAGUAUCAACAGG;1
MH882546.1 Aislado del virus Zika Virus Zika/H.sapiens-wt/BRA/2016/ZKV19Dsem_2016-05-24, genoma completo;UUGAUCUGUGUGAAUCAGACUGCGACAGUUCGAGUUUGAAGCGAAAGCUAGCAACAGUAUCAACAGG;1
MF510857.1 Aislado del virus Zika Virus Zika/Aedes taylori/Senegal/1984/DakAr41667, genoma completo;UGUUGAUCUGUGUGAAUCAGACUGCGACAGUUCGAGUUUGAAGCGAGAGCUAACAACAGUAUCAACAGG;1
MG758785.1 Aislado del virus Zika 41525, genoma completo;AGUUGUUGAUCUGUGUGAAUCAGACUGCGACAGUUCGAGUUUGAAGCGAGAGCUAACAACAGUAUCAACAGG;1
MF794971.1 Cepa del virus Zika ZIKV/EC/Esmeraldas/121/2016, genoma completo;GAGUUGUUGAUCUGUGUGAAUCAGACUGCGACAGUUCGAGUUUGAAGCGAGAGCUAGCAACAGUAUCAACAGG;1
MF352141.1 Aislado del virus Zika PE243, genoma completo;CUCUUCCGAUCUGUGUGAAUCAGACUGCGACAGUUCGAGUUUGAAGCGAAAGCUAGCAACAGUAUCAACAGG;1
KY989971.1 Aislado del virus Zika FLA, genoma completo;GGUUGUUGAUCUGUGUGAAUCAGACUGCGACAGUUCGAGUUUGAAGCGAAAGCUAGCAACAGUAUCAACAGG;1
KX051560.1 Aislado del virus Zika SK364/13AS, genoma completo;GAUCUGUGUGAAUCAGACUGCGACAGUUCGAGUUUGAAGCGAAAGCUAGCAACAGUAUCAACAGG;1
KX051562.1 Aislado del virus Zika SV0010/15, genoma completo;GAUCUGUGUGAAUCAGACUGCGACAGUUCGAGUUUGAAGCGAGAGCUAACAACAGUAUCAACAGG;1
KY288905.1 Cepa MP1751 del virus Zika, genoma completo;GUUGUUGAUCUGUGUGAAUCAGACUGCGACAGUUCGAGUUUGAAGCGAGAGCUAACAACAGUAUCAACAGG;1
KX197205.1 Aislado del virus Zika 9, genoma completo;UCUGUGUGAAUCAGACUGCGACAGUUCGAGUUUGAAGCGAAAGCUAGCAACAGUAUCAACAGG;1
KX446950.2 Cepa del virus Zika ZIKV/Aedes.sp/MEX/MEX_2-81/2016, genoma completo;UGUGUGAAUCAGACUGCGACAGUUCGAGUUUGAAGCGAAAGCUAGCAACAGUAUCAACAGG;1
KX117076.1 Aislado del virus Zika Zhejiang04, genoma completo;GUUGUUUCUGUGUGAAUCAGACUGCGACAGUUCGAGUUUGAAGCGAAAGCUAGCAACAGUAUCAACAGG;1
KU870645.1 Aislado del virus Zika FB-GWUH-2016, genoma completo;CUGUGUGUGAAUCAGACUGCGACAGUUCGAGUUUGAAGCGAAAGCUAGCAACAGUAUCAACAGG;1
KU497555.1 Aislado del virus Zika Brasil-ZKV2015, genoma completo;CCAAUCUGUGAAUCAGACUGCGACAGUUCGAGUUUGAAGCGAAAGCUAGCAACAGUAUCAACAGG;1
NC_009942.1 West Nile virus lineage 1, complete genome;AGUAGUUCGCCUGUGUGAGCUGACAAACUUAGUAGUGUUUGUGAGGAUUAACAACAAUUAACACAGUGCGAG;1
MN149538.1 West Nile virus strain Tomsk/bird/2006/A4, complete genome;UGUUGUUUGCCUGUGUGAGCUGACAAACUUAGUAGUGUUUGUGAGGAUUAACGACAAUUAACACAGUGCGAG;1
MH924836.1 West Nile virus isolate ED-I-33/18-UM, complete genome;GGAGUAGUUCGCCUGUGUGAGCUGACAAACUUAGUAGUGUUUGUGAGGAUUAAUAACAAUUAACACAGUGCGA;1
MH166890.1 West Nile virus strain VA_SP_5645-06, complete genome;AGUAGUUCGCCUGUGUGAGCUGACAAACUUAGUAGUGUUUGUGAGGAUUAAUAACAAUUAACACAGUGCGAG;1
MH166891.1 West Nile virus strain VA_1660, complete genome;AGUUCGCCUGUGUGAGCUGACAAACUUAGUAGUGUUUGUGAGGAUUAAUAACAAUUAACACAGUGCGAGC;1
MH166892.1 West Nile virus strain VA_SP_1202-08, complete genome;AGUUCGCCUGUGUGAGCUGACAAACUUAGUAGUGUUUGUGAGGAUUAACAACAAUUAACACAGUGCGAGC;1
MH170240.1 West Nile virus strain CO 08-13382, complete genome;UAGUUCGCCUGUGUGAGCUGACAAACUUAGUAGUGUUUGUGAGGAUUAACAACAAUUAACACAGUGCGAG;1
MH170257.1 West Nile virus strain GA lwn 50 4936, complete genome;GUAGUUCGCCUGUGUGAGCUGACAAACUUAGUAGUGUUUGUGAGGAUUAACAACAAUUAACACAGUGCGA;1
MH166882.1 West Nile virus strain VA_AV_321-00, complete genome;GUAGUUCGCCUGUGUGAGCUGACAAACUUAGUAGUGUUUGUGAGGAUUAACAACAAUUAACACAGUGCGAG;1
MH170226.1 West Nile virus strain Laco 3008, complete genome;GUUCGCCUGUGUGAGCUGACAAACUUAGUAGUGUUUGUGAGGAUUAACAACAAUUAACACAGUGCGAGCU;1
MF984344.1 West Nile virus strain Goshawk/Austria/2015 (Bi1/15), complete genome;GUUCGCCUGUGUGAGCUGACAAACUUAGUAGUGUUUGUGAGGAUUAAUAACAAUUAACACAGUGCGAGC;1
MF984348.1 West Nile virus strain Blood donor 3/Austria/2016 (BD3/16), complete genome;GUUCGCCUGUGUGAGCUGACAAACUUAGUAGUGUUUGUGAGGAUUAAUAACAAUUAACAUAGUGCGAGC;1
MF984346.1 West Nile virus strain Blood donor 1/Austria/2016 (BD1/16), complete genome;GUUCGCCUGUGUGAGCUGACAAACUUAGUAGUGUUUGUGAGGAUUAAUAACAAUCAACACAGUGCGAGC;1
KY216149.1 West Nile virus isolate 121, complete genome;UCGCCUGUGCGAGCUGACAAACUUAGUAGUGUUUGUGAGGAUUAAUAACAAUUAACACAGUGCGAGC;1
KY216153.1 West Nile virus isolate 557, complete genome;CGCCUGUGUGAGCUGACAAACUUAGUAGUGUUUGUGAGGAUUAACAACAAUUAACACAGUGCGAGC;1
KY229071.1 West Nile virus isolate 737, complete genome;CGCCUGUGUGAGCUGACAAACUUAGUAGUGUUUGUGAGGAUUAAUAACGAUUAACACAGUGCGAGC;1
KY229068.1 West Nile virus isolate 653, complete genome;CGCCUGUGUGAGCUGACAAACUUAGUAGUGUUUGUGAGGAUUAAUAACAAUUAACACAGUGCGAG;1
KY229072.1 West Nile virus isolate 789, complete genome;UCGCCUGUGUGAGCUGACAAACUUAGUAGUGUUUGUGAGGAUUAACAACAAUUAACACAGUGCGAGC;1
KY229073.1 West Nile virus isolate 875, complete genome;GCCUGUGUGAGCUGACAAACUUAGUAGUGUUUGUGAGGAUUAACAACAAUUAACACAGUGCGAGC;1
KY216150.1 West Nile virus isolate 382, complete genome;UCGCCUGUGUGAGCUGACAAACUUAGUAGUGUUUGUGAGGAUUAAUAACAAUUAACACAGUGCGAGC;1
KU588135.1 West Nile virus isolate camel, complete genome;GAGUAGUUCGCCUGUGUGAGCUGACAAACUUAGUAGUGUUUGUGAGGAUUAAUAAUAAUUAACACAG;1
KR868734.1 West Nile virus isolate FtC-3699, complete genome;AGUAGUUCGCCUGUGUGAACUGACAAACUUAGUAGUGUUUGUGAGGAUUAAUAACAAUUAACACAG;1
KT163243.1 West Nile virus isolate 68856-ICDC-4, complete genome;AGUAGUUCGCCUGUGUGAGCUGACAAACUUAGUAGUGUUUGUGAGGAUUAACAACAAUUAACACGGUGCGAG;1
KJ786934.1 West Nile virus isolate NY2001-6263, complete genome;ACAGUUCGCCUGUGUGAGCUGACAAACUUAGUAGUGUUUGUGAGGAUUAACAACAAUUAACACAGUGCGAGC;1
KJ786936.1 West Nile virus isolate TX8759, complete genome;GUAGUUCGCCUGUGUGAACUGACAAACUUAGUAGUGUUUGUGAGGAUUAAUAACAAUUAACACAGUGCGAGC;1
KJ786935.1 West Nile virus isolate TX8779, complete genome;GUAGUUCGCCUGUGUGAACUGACAAACUUAGUAGUGUUUGUGAGGAUUAACAACAAUUAACGCAGUGCGAGC;1
KJ501461.1 West Nile virus isolate WNV-1/US/BID-V6440/2005, complete genome;AGUAGUUCGCCUGUGUGAGCUGACAAACUUAGUAGUGUUUGUGAGGAUUAACAACAAUUAACACAGUGCGAGC;1
KJ501106.1 West Nile virus isolate WNV-1/US/BID-V7394/2008, complete genome;AGUAGUUCGCCUGUGUGAGCUGACAAACUUAGUAGUGUUUGUGAGGAUUAACAACAAUUAACACAGUGCAAGC;1
KJ501226.1 West Nile virus isolate WNV-1/US/BID-V7791/2012, complete genome;AGUAGUUCGCCUGUGUGAACUGACAAACUUAGUAGUGUUUGUGAGGAUUAACAACAAUUAACACAGUGCGAGC;1
KJ501323.1 West Nile virus isolate WNV-1/US/BID-V6486/2003, complete genome;AGUACUUCGACUGUGUGAGCUGACAAACUUAGUAGUGUUUGUGAGGAUUAACAACAAUUAACACAGUGCGAGC;1
KJ501342.1 West Nile virus isolate WNV-1/US/BID-V6524/2005, complete genome;AGUAGUUCGCCUGUGUGAGCUGACAAACUUAGUAGUGUUUGUGAGGAUUGACAACAAUUAACACAGUGCGAGC;1
KJ501220.1 West Nile virus isolate WNV-1/US/BID-V6602/2012, complete genome;GUAGUUCGCCUGUGUGAACUGACAAACUUAGUAGUGUUUGUGAGGAUUAACAACAAUUAACACAGUGCGAGC;1
KJ501308.1 West Nile virus isolate WNV-1/US/BID-V6456/2010, complete genome;AGUUCGCCUGUGUGAACUGACAAACUUAGUAGUGUUUGUGAGGAUUAAUAACAAUUAACACAGUGCGAGC;1
KJ501129.1 West Nile virus isolate WNV-1/US/BID-V7418/2004, complete genome;AGUAGUUCACCUGUGUGAGCUGACAAACUUAGUAGUGUUUGUGAGGAUUAACAACAAUUAACACAGUGCGAGC;1
KJ501096.1 West Nile virus isolate WNV-1/US/BID-V7383/2011, complete genome;AGUAGUUCGCCUGUGUGAGCUGACAAACUUAGUAGUGUUUGUGAGGAUUAACAACGAUUAACACAGUGCGAG;1
KJ501532.1 West Nile virus isolate WNV-1/US/BID-V7816/2012, complete genome;UAGUAGUUCGCCUGUGUGAGCUGACAAACUUAGUAGUGUUUGUGAGGAUUAAUAACAAUUAACACAGUGCGAGC;1
KJ501539.1 West Nile virus isolate WNV-1/US/BID-V7823/2011, complete genome;AAGUAGUUCGCCUGUGUGAGCUGACAAACUUAGUAGUGUUUGUGAGGAUUGACAACAAUUAACACAGUGCGAGC;1
KJ501411.1 West Nile virus isolate WNV-1/US/BID-V6673/2008, complete genome;AGUAGUUCGCCUGUGUGAGCUGACAAACUUAGUAGUGUUUGUGAGGAUUAACGACAAUUAACACAGUGCGAGC;1
KJ501422.1 West Nile virus isolate WNV-1/US/BID-V6690/2004, complete genome;AGUAGUUCGCCUGUGUGAGCUGACAAACUUAGUAGUGUUUGUGAGGAUUAACAAUAAUUAACACAGUGCGAGC;1
KJ501217.1 West Nile virus isolate WNV-1/US/BID-V6597/2012, complete genome;GUAGUUCGCCUGUGUGAACUGACAAACUUAGUAGUGUUUGUGAGAAUUAACAACAAUUAACACAGUGCGGGC;1
KJ501098.1 West Nile virus isolate WNV-1/US/BID-V7386/2011, complete genome;AGUUCGCCUGUGUGAACUGACAAACUUAGUAGUGUUUGUGAGGAUUAACAACAAUUAACACAGUGCGAGC;1
KJ501536.1 West Nile virus isolate WNV-1/US/BID-V7820/2011, complete genome;AAGUAGUUCGCCUGUGUGAGCUGACAAACUUAGUAGUGUUUGUGAGGAUUAACAACAAUUAACACAGUGCGAGC;1
KJ145827.1 West Nile virus isolate WNV-1/US/BID-V6056/2010, complete genome;AGUAGUUCGCCUGUGUGAGCUGACAAACUUAGUAGUGUUUGUGAGGAUUAAUAACAAUUAACACAGUGCGAGC;1
KF647248.1 West Nile virus strain Italy/2013/Rovigo/34.1, complete genome;AGUAGUUCGCCCGUGUGAGCUGACAAACUUAGUAGUGUUUGUGAGGAUUAAUAACAAUUAACACAGUGCGAGC;1
KF234080.1 West Nile virus strain Italy/2009/FIN, complete genome;AGUUGUUCGCCUGUGUGAGCUGACAAACUUAGUAGUGUUUGUGAGGAUUAACAACAAUUAACACAGUGCGAGC;1
JQ700441.1 West Nile virus isolate BSL24-11, complete genome;AGUAGUUCGCCUGUGUGAGCUGACAGACUUAGUAGUGUUUGUGAGGAUUAACAACAAUUAACACAGUGCGAGC;1
JF957169.1 West Nile virus isolate CO4-07, complete genome;AGUAGUUCGCCUGUGUGAGCUGACAAACUUAGUAGUGUUUGUGAGAAUUAACAACAAUUAACACAGUGCGAGC;1
JF957179.1 West Nile virus isolate BSL18-09, complete genome;AGUAGUUCGCCUGUGUGAGCUGACAAACUUAGUAGUGUUUGUGAGGAUUAAUAAUAAUUAACACAGUGCGAGC;1
JX041632.1 West Nile virus strain Ig2266, complete genome;AGUAGUUCACCUGUGUGAGCUGACAAACUUAGUAGUGUUUGUGAGGAUUGUGAACAAUUAACACAGUGUGAGC;1
JF415923.1 West Nile virus isolate M37906, complete genome;AGUAGUUCGCCUGUGUGAGCUGACAAACUUAGUAGUGUUUGUGAGGAUAACAACAAUUAACACAGUGCGAGC;1
JF415925.1 West Nile virus isolate M38488, complete genome;AGUAGUUCGCCUGUGUGAGCUGACAAACUUAGUAGUGUUUGUGAGGAUUAACAACAAUUAGCACAGUGCGAGC;1
JF415926.1 West Nile virus isolate M20140, complete genome;AGUAGUUCGCCUGUGUGAGCUGACAAACUUAGUAGUGUUUGUGGAGAUUAACAACAAUUAACACAGUGCGAGC;1
JF920735.1 West Nile virus isolate WNV-1/US/BID-V5205/2006, complete genome;AGUAGUUCGCCUGUGUGAGCUGACAAACUUAGUAGUGUUGUGAGGAUUAACAACAAUUAACACAGUGCGAGC;1
JF899531.1 West Nile virus isolate WNV-1/Mus/BID-V4979/serum, complete genome;AGUAGUUUCGCCUGUGUGAGCUGACAAACUUAGUAGUGUUUGUGAGGAUUAACAACAAUUAACACAGUGCGAG;1
HM488171.1 West Nile virus isolate WNV-1/US/BID-V4560/2003, complete genome;CAGUAGUUCGCCUGUGUGAGCUGACAAACUUAGUAGUGUUUGUGAGGAUUAACAACAAUUAACACAGUGCGAGC;1
HM488238.1 West Nile virus isolate WNV-1/US/BID-V4623/2008, complete genome;AGUAGUUCGCCUGUGUGAGCUGACAAACUUAGUAGUGUUUGUGAGGAUUGAUACCAAUUAACACAGUGCGAGC;1
HM756651.1 West Nile virus isolate WNV-1/US/BID-V4584/2003, complete genome;UUCGCCUGUGUGAGCUGACAAACUUAGUAGUGUUUGUGAGGAUUAACAACAAUUAACACAGUGCGAGCUG;1
GQ379161.1 West Nile virus strain ArEq003, complete genome;AGUAGUUCGCCUGUGUGAGCUGACAAACUUAGUAGUGUUUGUGAGGAUUAAAAACAAUUAACACAGUGCGAGC;1
EU249803.1 West Nile virus strain 68856, complete genome;AGUAGUUCGCCUGUGUGAGCUGACAAACUUAGUAGUGUUUGUGAGGAUUAACAACAAUUCACACGGUGCGAGC;1
EU155484.1 West Nile virus strain OK03, complete genome;GGAAUUCGAUCUGUGUGAGCUGACAAACUUAGUAGUGUUUGUGAGGAUUAACAACAAUUAACACAGUGCGAGC;1
DQ256376.1 West Nile virus strain 804994, complete genome;AGUAGUUCGCCUGUGUGAGCUGACAAACUUAGUAGUGUUUGUGAGGAUUAUGAACAAUUAACACAGUGUGAGC;1
DQ176636.2 West Nile virus strain Madagascar-AnMg798, complete genome;AGUAGUUCGCCUGUGUGAGCUGACAAACUUAGUAGUGUUUGUGAGGAUUACAACAAUUAACACAGUGCGAGC;1
DQ164206.1 West Nile virus isolate TX 2004 Harris 4, complete genome;AGUAGUUCGCCUGUGUGAGCUGACAAACUUAGUAGUGUUUGUGAGGAUUAACAACAAUUAACACAGUGCGGGC;1
AY765264.1 West Nile virus strain Rabensburg isolate 97-103, complete genome;AGAAGUUCGUCUGCGUGAGCUGACAAACUUAGUAGUGUUUGUGAGGAUUAUCAACAAUUAAUACAGUGUGAGC;1
AY660002.1 West Nile virus isolate Mex03 from Mexico, complete genome;AGUAGUUCGCCUGUGUGAGCUGACAAACUUAGUAGUGUUUGUGAGGAUUGACAACAAUUAACACAGUGCGGGC;1
AY532665.1 West Nile virus strain B956 polyprotein gene, complete genome;AGUAGUUCGCCUGUGUGAGCUGACAAACUUAGUAGUGUUUGUGAGGAUUAACAACAAUUAACACUGUGCGAGC;1
AY688948.1 West Nile virus strain Sarafend, complete genome;AGUAGUUCGUCUGUGUGAGCUGACAAACUUAGUAGUGUUUGUGAGGAUUAAUAACAAUUAACACAGUGCGAGC;1
MK558811.1 Japanese encephalitis virus strain ZJ/52/14, complete genome;AGAAGUUCACACAGAUAAACUUCUUGGCUUAGUAUCGUUGAGAAGAAUCGAAAGAUUAGUGCAGUUUAAACAG;1
MN639770.1 Japanese encephalitis virus isolate JEV1805M, complete genome;AGAAGUUUAUCUGUGUGGAGUUCUUGGCUUAGUAUCGUAGAGAAGAAUCGAGAGAUUAGUGCAGUUUAUACAG;1
MK585066.1 Japanese encephalitis virus strain SA14-14-2, complete genome;AGAAGUUUAUCUGUGUGAACUUCUUGGCUUAGUAUCGUAGAGAAGAAUCGAGAGAUUAAUGCAGUUUAAACAG;1
MH753127.1 Japanese encephalitis virus strain SD12, complete genome;AGAAGUUUAUCUGUGUGAACUUCUUGGCUUAGUAUCGUUGAGAAGAAUCGAGAGAUUAGUGCAGUUUAAACAG;1
MH165313.1 Japanese encephalitis virus strain seal/china/anheal/2017, complete genome;AGAAGUUUAUCUGUGUGAACUUCUUGGCUUAGUAUCGAUGAGAAGAAUGGAGAGAUUAGUGCAGUUUAAACAG;1
MH258852.1 Japanese encephalitis virus isolate SA14-14-2, complete genome;AGAAGUUUAUCUGUGUGAACUUCUUGGCUUAGUAUCGUAGAGAAGAAUCGAGAGAUUAGUGCAGUUUAAACAG;1
KY650726.1 Japanese encephalitis virus isolate ZJ10-7, complete genome;AGAAGUUUAUCUGUGUGGACUUCUUGGCUUAGUAUCGUUGAGAAGAAUCGAAAGAUUAGUGCAGUUUAAACAG;1
MF124316.1 Japanese encephalitis virus clone SCYA201201-0901-SN5, complete genome;AGAAGUUUAUCUGUGUGAACUUCUUGGCUUAGUAUCGUUGAGGAGAAUCGAAAGAUUAGUGCAGUUUAAACAG;1
KT239164.1 Japanese encephalitis virus isolate Vellore P20778-T, complete genome;AGAAGUUUAUCUGUGUGAACUUCUUGGCUUAGUAUUGUUGAGGAGAAUCGAGAGAUUAGUGCAGUUUAAACAG;1
KT957419.1 Japanese encephalitis virus strain YNTC07172, complete genome;AGAAGUUUUAUCGUGUGAACUUCUUGGCUUAGUAUCGUUGAGAAGAAUCGAGAGAUUAGUGCAGUUUAAACAG;1
KT957421.1 Japanese encephalitis virus strain DH10M585, complete genome;AGAAGUUUUAACGUGUGAACUUCUUGGCUUAGUAUCGUCGAGAGAGAUCGAGAGAUUAGUGCAGUUUAAACAG;1
KT957422.1 Japanese encephalitis virus strain M28, complete genome;AGAAGUUUAAUCGUGUGAACUUCUUGGCUUAGUAUCGUUGAGAAGAAUCGAGAGAUUAGUGCAGUUUAAACAG;1
KP164498.2 Japanese encephalitis virus isolate JEV/SW/IVRI/395A/2014, complete genome;AGAAGUUUAUCUGUGUGAACUUCUUGGCUUAGUAUCGUUGAGAAGAAUCCAGAGAUUAGUGCAGUUUAAACAG;1
KT229572.1 Japanese encephalitis virus strain DH10M865, complete genome;AGAAGUUUUAACUGUGUGACUUCUUGGCUUAGUAUCGUUGAGAAGAAUCGAGAGAUUAGUGCAGUUUAAACAG;1
KT229575.1 Japanese encephalitis virus strain DHL10M62, complete genome;AGAAGUUUUUUUUGUGUGACUUCUGGGCUUAGUAUCGUUGAGAAGAAUCGAGAGAUUAGUGCAGUUUAAACAG;1
KM677246.1 Japanese encephalitis virus isolate Tengah, complete genome;AGAAGUUUAUCUGUGUGAACUUCUUGACUUAGUAUCGUUGAGAGGAAUCGAGAGAUUAGUGCAGUUUAAACAG;1
JX072965.1 Japanese encephalitis virus isolate IND-WB-JE2, complete genome;AGAAGUUUAUCUGUGUGAACUUCUUGGCUUAGUAUUGUUGAGAAGAAUCGAGAGAUUAGUGCAGUUUAAACAG;1
JQ086763.1 Japanese encephalitis virus strain YUNNAN0902, complete genome;AGAAGUUUAUCUGUGUGAACUUCUUUGCUUAGUAUCGUAGAGAAGAAUCGAGAGAUUAGUGCAGUUUAAACAG;1
JN711458.1 Japanese encephalitis virus strain GD, complete genome;AGAAGUUUAUCUGUGUGGACUUCUUGGCUUAGUAUCGUUGAGAAGAAUCGAGAGAUUAGUGCAGUUUAAACAG;1
JF499788.1 Japanese encephalitis virus isolate TC2009-3, complete genome;AGAAGUUUAUCUGUGUGAACUUCUUGGUUUAGUAUCGUUGAGAAGAAUCGAAAGAUUAGUGCAGUUUAAACAG;1
JF499789.1 Japanese encephalitis virus isolate YL2009-4, complete genome;AGAAGUUUAUCUGUGUGAACUUCUUGGCUUAGUAUCGUUGAGAAGAAUCGAAAGAUUAGUGCAGUUUAAACAG;1
JF499790.1 Japanese encephalitis virus isolate TC2009-1, complete genome;AGAAGUUAAUCUGUGUGAACUUCUUGGCUUAGUAUCGUUGAGAAGAAUCGAGAGAUUAGUGCAGUUUAAACAG;1
JF706268.1 Japanese encephalitis virus isolate YN0967, complete genome;AGAAGUUUAUCUGUGUGAACUUCUUGGCUUAGUAUCGUUGAGAAGAAUCGAGAGAUUAGGGCAGUUUAAACAG;1
JF706280.1 Japanese encephalitis virus isolate YLG, complete genome;AGAAGUUUAUCUGUGUGAACUUCUUGGCUUAGUAUCGUUGAGAAGAAUCGAGAGAUUAGUGCAG;1
JF915894.1 Japanese encephalitis virus strain XZ0934, complete genome;AGAAGUUUAUCUGUGUGAACUUCUUGACUUAGUAUUGUUGAGAGGAAUCGAGAGAUUAGUGCAGUUUAAACAG;1
HQ893545.1 Japanese encephalitis virus isolate SX09S-01, complete genome;AGAAGUUUAUCUGUGUGAACUUCUUGGCUUAGUAUCGUUGAGAAGAAUCGAAGGAUUAGUGCAGUUUAAACAG;1
HM228921.1 Japanese encephalitis virus strain 90VN70, complete genome;AAUAGUUUAUCUGUGUGAACUUCUUGGCUUAGUAUCGUUGAGAAGAAUCGAGAGAUUAGUGCAGUUUAAACAG;1
EF571853.1 Japanese encephalitis virus strain Nakayama, complete genome;AGAAGUUUAUCUGCGUGAACUUCUUGGCUUAGUAUCGUUGAGAAGAAUUGAGAGAUUAGUGCAGUUUAAACAG;1
AY849939.1 Japanese encephalitis virus strain HW, complete genome;AGAAGUUUAUCUGUGUGAACUUCUUGGCUUACUAUCGUUGAGAAGAAUCGAGAGAUUAGUGCAGUUUAAACAG;1
AF416457.1 Japanese encephalitis virus attenuated strain SA14-12-1-7, complete genome;AGAAGUUUAUCUGUGUGAACCUCUUGGCUUAGUAUCGUAGAGAAGAAUCGAGAGAUUAGUGCAGUUUAAACAG;1
JF920758.1 West Nile virus isolate WNV-1/US/BID-V5233/2009, complete genome;GUAGGUUCGCCUGUGUGAGCUGACAAACUUAGUAGUGUUUGUGAGGAUUAACAACAAUUAACACAGUGCGAGC;1
HM051416.1 West Nile virus isolate twn9, complete genome;AGUAGUUCGCCUGUGUGAGCUGACAAACUUAGUAGUGUUUGUGAGGAUUAACAACAAUUAACACGGUGCGAGC;1
HQ671677.1 West Nile virus isolate WNV-1/Mus/BID-V4938/spleen, complete genome;GUAUUGACCCUGUGUGAGCUGACAAACUUAGUAGUGUUUGUGAGGAUUAACAACAAUUAACACAGUGCGAGC;1
NC_000943.1 Murray Valley encephalitis virus, complete genome;AGACGUUCAUCUGCGUGAGCUUCCGAUCUCAGUAUUGUUUGGAAGGAUCAUUGAUUAACGCGGUUUGAACAG;1
MN933859.1 Murray Valley encephalitis virus strain VIDRL_MVE_070418, complete genome;ACGUUCAUCUGCGUGAGCUUCCGAUCUCAGUAUUGUUUGGAAGGAUCAUUGAUUAACGCGGUUUGAACAG;1
MG452954.1 Murray Valley encephalitis virus isolate VIDRL, complete genome;GUUCAUCUGCGUGAGCUUUCGAUCUCAGUAUUGUUUGAAAGGAUCAUUUUGAUUAACGCGGUUUGAACAG;1
KF751869.1 Murray Valley encephalitis virus strain MK6684, complete genome;AGACGUUCAUCUGCGUGAGCUUCCGAUCUCAGUAUUGUUUGGAAGGAUCAUUUGAUUAACGCGGUUUGAACAG;1
KF751870.1 Murray Valley encephalitis virus strain NG156, complete genome;AGACGUUCAUCUGCGUGAGCUUCCGAUCUCAGUAUUGUUUGGGAGGAUCAUUUGAUUAACGCGGUUUGAACAG;1
KF751871.1 Murray Valley encephalitis virus strain OR156, complete genome;AGACGUUCAUCUGCGUGAGCUUUCGAUCUCAGUAUUGUUUGAAAGGAUCAUUUUGAUUAACGCGGUUUGAACAG;1
AY898809.1 Alfuy virus strain MRM3929, complete genome;AGAUGUUCAUCUGUGUGAACUUUUUGACUCAGGAUUGUUGGAAGGGAUUGAAAGAUUAAUACAGUUUGAACAG;1
NC_007580.2 Saint Louis encephalitis virus, complete genome;AGAUGUUCGCGUCGGUGAGCGGAGAGGAAACAGAUUUCCUUUUUGGAGGAUAAUAACUUAACUUGACUGCGAACAG;1
MH899073.1 St. Louis encephalitis virus isolate 95A49, complete genome;AGAUGUUCGCGUCGGUGAGCGGAGAGGAAACAGAUUUCUUUUUUGGAGGAUAACAACUUAACUUGACUGCGGACAG;1
JQ957868.1 St. Louis encephalitis virus strain Palenque-C475, complete genome;AGAUGUUCGCGUUGGUGAGCGAGGAAGAAACGGAUUUCUUUUUUGGAGGAUUACAACUUAACUUGACUGCGAACAG;1
JQ957869.1 St. Louis encephalitis virus strain Palenque-A770, complete genome;AGAUGUUCGCGUUGGUGAGCGAGGAAGAAACAGAUUUCUUUUUUGGAGGAUUACAACUUAACUUGACUGCGAACAG;1
JF460774.1 St. Louis encephalitis virus isolate Imperial Valley, complete genome;AGAUGUUCGCGUCGGUGAGCGGAGAGGAAACAGAUUUCUUUUUUGGAGGAUAACAACUUAACUUGACUGCGAACAG;1
FJ753286.2 St. Louis encephalitis virus strain CbaAr-4005, complete genome;AGAUGUUCGUGUCGGUGAGCGGAGAGGAAACAGAUUUCUUUUUUGGAGGAUAACAACUUAACUUGAUUGCGAACAG;1
FJ753287.2 St. Louis encephalitis virus strain 79V-2533, complete genome;AGAUGUUCGCGUCGGUGAGCGAAGAGGAAACAGAUUUCUUUUUUGGAGGAUAACAACUUAACUUGAUUGCGAACAG;1
NC_006551.1 Usutu virus, complete cds;AGUCGUUCGUCUGCGUGAGCUCUACUACUUAGUAUUGUUUUUGGAGGAUCGUGAGAUUAACACAGUGCCGGCAG;1
MK419834.1 Usutu virus isolate USU-BE-Scoter/2018, complete genome;AGUUGUUGGUCUGUGUGAGCUCUACUACUUAGUAUUGUUUUUGGAGGAUCGUGAGAUUAACACAGUGCCGGCAG;1
MH727238.1 Usutu virus isolate ROD_259466, complete genome;AGAUGUUGGCCUGUGUGAGCUCUACUACUUAGUAUUGUUUUUGGAGGAUCGUGAGAUUAACACAGUGCCGGCAG;1
MH891847.1 Usutu virus isolate AS201600045, complete genome;UUGGCCUGUGUGAGCUCUACUACUUAGUAUUGUUUUUGGAGGAUCGUGAGAUUAACACAGUGCCGACAG;1
MG461306.1 Usutu virus isolate USUV_269m_Israel15[USUTU], complete genome;AUAUGUUGGCCUGUGUGAGCUCUACUACUUAGUAUUGUUUUUGGAGGAUCGUGAGAUUAACACAGUGCCGGCAG;1
MG461310.1 Usutu virus isolate USUV_269m_Israel04[USUTU], complete genome;UUGGCCUGUGUGAGCUCUACUACUUAGUAUUGUUAUUGGAGGAUCGUGAGAUUAACACAGUGCCGGCAG;1
KY294722.1 Usutu virus isolate S-1232, complete genome;GCCUGUGUGAGCUCUACUACUUAGUAUUGUUUUUGGAGGAUCGUGAGAUUAACACAGUGCCGGCAG;1
KY294723.1 Usutu virus isolate S-1238, complete genome;GGCCUGUGUGAGCUCUACUACUUAGUAUUGUUUUUGGAGGAUCGUGAGAUUAACACAGUGCCGGCAG;1
MF063042.1 Usutu virus isolate AT-N211/16, complete genome;GUUCGUCUGCGUGAGCUCUACUACUUAGUAUUGUUUUUGGAGGAUCGUGAGAUUAACACAGUGCCGGCAG;1
KY426763.1 Usutu virus strain V501, complete genome;UCGUCUGGGUGAGCUCUACUACUUAGUAUUGUUUUUGGAGGAUCGUGAGAUUAACACAGUGCCGGCAG;1
KY426769.1 Usutu virus strain V574, complete genome;AGUUGUUCGUCUGGGUGAGCUCUACUACUUAGUAUUGUUUUGGAGGAUCGUGAGAUUACCACAGUGCCGGCAG;1
KY426759.1 Usutu virus strain V492, complete genome;GUCGUUCGCCUGUGUGAGCUCUACUACUUAGUAUUGUUUUUGGAGGAUCGUGAGAUUAACACAGUGCCGGCAG;1
KY426760.1 Usutu virus strain V494, complete genome;CAUCGUUGGCCUGUGUGAGCUCUACUACUUAGUAUUGUUUUUGGAGGAUCGUGAGAUUAACACAGUGCCGGCAG;1
KY426766.1 Usutu virus strain V528, complete genome;CUGUUGGCCUGUGUGAGCUCUACUACUUAGUAUUGUUUUUGGAGGAUCGUGAGAUUACCACAGUGCCGGCAG;1
KY199556.1 Usutu virus strain 65396, complete genome;AGUCGUUCGUCUGUGUGAGCUCUACUACUUAGUAUUGUUUUUGGAGGAUCGUGAGAUUAACACAGUGCCGGCAG;1
KX601691.1 Usutu virus isolate USUV-HautRhin7316/France/2015, complete genome;GAUGUUGGCCUGUGUGAGCUCUACUACUUAGUAUUGUUUUUGGAGGAUCGUGAGAUUAACACAGUGCCGGCAG;1
KJ438765.1 Usutu virus strain V39, complete genome;AGUCGUCCGUCUGCGUGAGCUCUACUACUUAGUAUUGUUUUUGGAGGAUCGUGAGAUUAACACAGUGCCGGCAG;1
KJ438764.1 Usutu virus strain V211, complete genome;AGUCGUUCGCCUGCGUGAGCUCUACUACUUAGUAUUGUUUUUGGAGGAUCGUGAGAUUAACACAGUGCCGGCAG;1
KJ438780.1 Usutu virus strain V44, complete genome;AGUCGUUCGUCGGCGUGAGCUCUACUACUUAGUAUUGUUUUUGGAGGAUCGUGAGAUUAACACAGUGCCGGCAG;1
KJ438757.1 Usutu virus strain V387, complete genome;AUUCGUUCGUCUGCGUGAGCUCUACUACUUAGUAUUGUUUUUGGAGGAUCGUGAGAUUAACACAGUGCCGGCAG;1
KJ438779.1 Usutu virus strain V191, complete genome;AGUCGUUCGUCUGGGUGAGCUCUACUACUUAGUAUUGUUUUUGGAGGAUCGUGAGAUUAACACAGUGCCGGCAG;1
KC754958.1 Usutu virus isolate ArB1803, complete genome;AGAUGUUGGCCUGUGUGAGCUCUACUACUUAGUAUUGUUUUGGAGGAUCGUUAGAUUAAUACAGUGUUGACAG;1
HM569263.1 Usutu virus strain Bologna 2009, complete genome;AGUCGUUUGUCUGCGUGAGCUCUACUACUUAGUAUUGUUUUUGGAGGAUCGUGAGAUUAACACAGUGCCGGCAG;1
Oliveros virus segment S, complete sequence  NC_010248.1 ;GUCUUCAGGCUCCCCAUCACUCUGGGCCCAUUGGGCCCAGGGUGAUGGGGCGGCCCCCUCGACCCACGGCAAAACCGUGGGCCGAGGGGGGGUGCAU;0
Parana virus strain 12056 segment S, complete sequence AF485261.1;ACUAAAUUGGCCUCUGCCGCCCUGAUGUCUCACCCCCUUUGGGGGUGAGACAUCAGGGCCCAUGAAUGUCU;0
Sabia virus glycoprotein precursor and nucleocapsid protein genes, complete cds U41071.1;AAGGACAAUCAUUGUCUCCCACCGACCCGGGCAAUGCCCGGGUCGGUGUGGCCCCCCAGUCCGCGGCAAAUGCCGCGGACUGGGGAGCACCAAU;0
AY619645.1 Machupo virus strain Mallele segment S, complete sequence;AGACAGCCAAGACCCCUGCCGACCCGGGCUCGGCCCGGGUCGGCGGGGCCCCCCAGUCCGCGGCUUUGCCGCGGACUGGGGAGGCACUGC;0
KU978793.1 Mammarenavirus machupoense isolate 930060_Chicava segment S, complete sequence;ACACAAUCAGGACCCCUGCCGGCCCGGGCUCAGCCCGGGCCGGCGGGGCCCCCCAGUCCGCGGCUUUGCCGCGGACUGGGGAGGCACUGC;0
KU978794.1 Mammarenavirus machupoense isolate 9430069 segment S, complete sequence;ACACAGCCCAGACCCCUGCCGACCCGGGCCCAGCCCGGGUUGGCGGGGCCCCCCCCCCCGCGGCAUUGCCGCGGGCUGGGGAGGCACUGC;0
five_prime_utr|ENST00000480431|IGSF11|119034955_119034531_-_3;AGGGCUGGGUGGCACGGCUGGCGAGCCCGGAACGCCUCUGGUCACAGCUCAGCGUCCGCGGAGCCGGGCGGCGCUGC;0
five_prime_utr|ENST00000481816|ADPRH|119579433_119579851_+_3;AAAGUCGGACGUGAGCACGGGCGAAGGCGUCAGCCGGGGCCACACGGGAGUCACUGACCACAGCCAGGCGAGAGC;0
three_prime_utr|ENST00000357003|ADPRH|119587879_119589945_+_3;GGAGACGUGAUGUUCACUUCUGAUGGAUUCUUCUUUUGUGUAUUUCCUUUUCUGCUAUUUCUUUUCAGUU;0
five_prime_utr|ENST00000491903|IGSF11|119034728_119034583_-_3;CCAAGAGCGCGGAGACUCACGCCCGCUCCUCUCCUGUUGCGACCGGGAGCCGGGUAGGAGGCAGGCGCGCU;0
three_prime_utr|ENST00000354673|IGSF11|118902519_118900636_-_3;UUGCUAUUACAGUAGGUUACUAUUAAUGAGGGCAGCACCUGAUGCCUUUUGUACUGAGGUAUGUAACUU;0
three_prime_utr|ENST00000425327|IGSF11|118902519_118900557_-_3;AUGUCUCAAUAAGAGUGUCUUUUCUUUCUGGAUGUGUUCUCUUACUCCCUCUUACCACCAUACUUUUUGC;0
three_prime_utr|ENST00000342202|KCNK7|65593342_65592855_-_11;UCACUGCGCUGGGAGGUGGGCGGGGAGCAUCACCAGAACCCAGGCGCUGCCCCAGCACCUUCUCCUCCCCAG;0
three_prime_utr|ENST00000328796|CLDN6|3015358_3014712_-_16;UAGACCCCCGCCCCCACCUCCAACACUGCACCCUUCUGCCCUGCCCCCCUCGUCUCACCCCCUUUACACUCAC;0
five_prime_utr|ENST00000396925|CLDN6|3018484_3018149_-_16;GGGCGGUGGUCCAGUGACGUCACCGCUUCUUUAAGACCCCCGCCUCCGCCCCUGUCCCGACACUCGGCCUAG;0
three_prime_utr|ENST00000564556|ZNF598|1998585_1998424_-_16;CAGAAGGUCUUUAAUGAGCUGCUGGUCCUGCUGCCCGACACGGCCAAGCAGCAGGAGCUCCUGUCUGCACACAC;0
five_prime_utr|ENST00000439385|CAPG|85408815_85408723_-_2;GACUCACCGGGGGCGGCUCCUGGCCGCGCACCUCCAGGGGGCGGGGGGCGGCUGAGACAGCGCCCAGGGCCUCG;0
three_prime_utr|ENST00000430321|UBR3|170001304_170001414_+_2;AGUUCAUGUCUCUUGGCAGUAUCAAUUGGCUGGGAAGGAGGUGUUUAUGUACAAACCUGUGGUCACACAUUACA;0
five_prime_utr|ENST00000263088|PLD2|4807152_4807225_+_17;GUGGGCUCCGGCUGCAGCUCCGGUCUGCUCUCUUGGCUCCGGAACCCCCGCGGGCGCUGGCUCCGUCUGCCAGG;0
three_prime_utr|ENST00000575813|PLD2|4814368_4814501_+_17;UGGCUUCUGACUCCCCUGACCUCCUUGGCUUGGCCUCCCCCCAGGUUUGUGAAUGGGGCAGGUUACUUUGCUGCUGUG;0
three_prime_utr|ENST00000570353|SHBG|7631672_7631748_+_17;CCUCAGAAGCUGUGAUGUAGAAUCAAAUCCCGGGAUAUUUCUCCCUCCAGGGACUCAGGCAGAAUUCAAUCUCCGAG;0
three_prime_utr|ENST00000256897|CCNH|87394445_87394274_-_5;AAAAUAUAUUAAAACUUUUCUAUUGUUUUCUUUCCCUUUCACAGUAACUUUAUGUAAAAUAAACCAUCUUCAAAAGA;0
five_prime_utr|ENST00000504878|CCNH|87412904_87412435_-_5;GCGUUUGGGUUCUCGUCUGCAGACCCUCUGGACCUGGUCACGAUUCCAUAAUGUACCACAACAGUAGUCAGAAGC;0
three_prime_utr|ENST00000243893|UBE2C|45816709_45816957_+_20;UUGUCUUUUAAAUUAAGCCUCGGUUGAGCCCUUGUAUAUUAAAUAAAUGCAUUUUUGUCCUUUUUUAGACAA;0
five_prime_utr|ENST00000253362|BPIFA2|33161768_33161898_+_20;GGAGAAUUUGCAGGGGGGUGACAUCCUCAGACCUGGCCCUUGGCACUGGGAAGAGUUGAUGCAAAGAAAUUCUGCG;0
three_prime_utr|ENST00000449489|RBM39|35732135_35731946_-_20;GAGGAAAAAAAGCAAGAGCAGAAGUCGUAGUCAUGAACGAAAGAGAAGCAAAAGUAAGGAACGGAAGCGAAG;0
five_prime_utr|ENST00000433027|RBM39|35742219_35741941_-_20;AACAGUAGCAACAGAAGCGGCGGCGGCGGCAGCAGCAGCAGCAGCAGCAGCAAUCUCUUCCCGAACACGAGCACCACAG;0
three_prime_utr|ENST00000433027|RBM39|35734257_35734186_-_20;ACAAACUUUCUGCCUCCUUGGAAAGCUCUACAUCUCCUUGUGAUUGGAGUGUGGGUUUCAAGAUUCCAGAAG;0
GQ221829.1:3489-3569 Tobacco necrosis virus A isolate Velence, complete genome;UGGAGAUGGAUGCUGGAUCCUGGAAAACAGGUUUAACGGGUAGGGGGUGGUGCCCCUACCGACGCAUCACUCCAGAUACCA;0
DQ083996.1:3504-3585 Olive latent virus 1 isolate GM6, complete genome;GCGGUAAGCAAGACGGAUCCUGGGAAACAGGUUUAACGGGCUGGGGGUGGUGCCCCGGCCGUCGCAUCACUUGCUGAUACAA;0
MH922775.1:3790-3866 Patrinia mild mottle virus, complete genome;GGCGUGAGUGUGCUGGAUCCUGGGAAACAGGUUUAACGGGCGACUAGUCACCGCCGACGCAUCACCACAAUAUAGCC;0
KY523104.2:294232-294302 Tupanvirus soda lake, partial genome;UGCCCUAACUGGGAAUCGAACCCAGGUUGUCGGCUUAAAAGGCCGAUACUCUACCACUGAGUUAUUAGGGC;0
ON637770.1:91997-92068 Microbacterium phage Big4, complete genome;GUCUCCAUAGUUCAGUGGCAGAACGGUUCUCUCCUAAAGAACUGGUCGAGGGUUCGAUUCCCUCUGGGGACA;0
URS00000000FD_9606 Homo sapiens (human) long intergenic non-protein coding RNA 1937;AAGGCUGCAUUAACCUUUCCUGAAAAUAAAAAACAGUUCUGCUUUUACCAUUUGGGGGCCUGAGGCAAGUGUUCAAAUA;0
URS0000000787_9606 Homo sapiens (human) family with sequence similarity 230 member H;UGCAAGUCUGCAUGAUUUGCUUGUGAAUGUGUGUCUAUGUGUGUUUCCCCUAGGAAAAAAAUGUUGUGUUUAC;0
URS0000000B3B_9606 Homo sapiens (human) long intergenic non-protein coding RNA 2368 (LINC02368);UGAGUGAACGUUUCCUUUCAGCUUCGUGAGAGGAAGAGUCUAAAUAGGGGAGCCAUCCCCAAA;0
URS0000000C0D_9606 Homo sapiens (human) novel transcript;UGUCCAGCUUCUCACUCAGCGCCACGUUUCCAAGGCUCACCUACGUUAUAGCCUGGAUCCGGGCUUCAUUCCGUUU;0
URS00008B3898_9606 Homo sapiens (human) non-protein coding DLX6-AS1:23;GAGCCCAGGAAUUCAAGUGUAGCCUAGGGAACAUGGCAAAACCCCAGCUCUACAAAAAAAUACACAAAUUAGCUGCG;0
URS00008B389D_9606 Homo sapiens (human) non-protein coding lnc-CTSV-3:3;UUGUCUCUAGUUUUUAAGUAAAUUAAUGAUGGACCAUCCCCCAAACAGAGAACUAUGGGGGUAUGAAACAAGGCUGA;0
URS00008B38A8_9606 Homo sapiens (human) non-protein coding LINC02173:14;AACAUAUUUAACUGCUGGAGAGAAUGGCUCAGAAUCCCAGGUAUCAGCUUCAGCACACAACCAAACAAAG;0
URS00008B38B1_9606 Homo sapiens (human) non-protein coding lnc-NR4A2-3:1;AGAUACAGAGUCUCGCUCGAUCACCCAGGCUGGAGUGGAGUGGCGCCAUCUUGGCUCACUGCAAGCUCCGCCUC;0
URS00008B38B4_9606 Homo sapiens (human) non-protein coding lnc-DCP1B-6:1;UCAGGUCAGGGUCGUGUGAUUGUAAACUAGUCAGGUCAGGGUCGUGUGGUUGUAAACUAGUAAGGUCAG;0
URS00008B38BB_9606 Homo sapiens (human) non-protein coding lnc-BMP7-5:1;UGUUGAAUGAAUGGCAGAUGCCGUGCUAAGGAAAUGACACACACUCAUUCAUUUCACCCUUAAAAGAGCCCUC;0
URS00008B38BE_9606 Homo sapiens (human) non-protein coding LINC01503:12;ACAACAGCAGCAGCGUCCUGAGGCUGGGGUGAGGACCGAGUGAAAAACCUUUGUCGCAUCUUUGGGCAUCGCAGGAG;0
URS00008B38C2_9606 Homo sapiens (human) non-protein coding lnc-MMP24OS-73:8;GAGUUGCCAUUAUUUGACACAAAGAAGACUGCAGGAGGGACAGGUUUGAGUAGAAAUAUGAAGAGCUCACCCAAGU;0
URS00008B38C3_9606 Homo sapiens (human) non-protein coding lnc-HS1BP3-1:5;GUGCAGAGGAAAGAAGAUCAAAUCUGGAGUCAGCAGACAUAGGAGUCUAAUCCCUGGUUCUGAUAUAUC;0
URS00008B38C6_9606 Homo sapiens (human) non-protein coding lnc-TAB3-2:2;UGGUGCCAGUGGACAUGGAGAGAAGGAGUUCAGAUGUAUAGGAGAUAAGAACAACAGACUUUGGUGAUGGG;0
URS00008C35FD_9606 Homo sapiens (human) non-protein coding lnc-LRRC47-78:20;AUAGAGGUCAUCAGCCAGGUUGAUUGUGCGGGUUAGAUAGAGAUCAUCAGCCGGGUUGAUUCUACAGGUUAGAUAGAGGU;0
URS00008C35FF_9606 Homo sapiens (human) non-protein coding lnc-MBD3L2B-2:1;AUCACAUGAAAAAAACUCCUCUAAUGAAUAUUAAACUUGUACUGGAAAAAGGUCAAUAAAUAAAUAAAUAAGAUAUAGU;0
URS00008C3602_9606 Homo sapiens (human) non-protein coding lnc-RTL1-6:1;UUUCUAAGCCACUGACCAGGAAGGCUGGGGUGGAUCCAGGCCACACAGGUCAUGCUGAAGUACACACACAUGGUU;0
RS00008C3604_9606 Homo sapiens (human) non-protein coding lnc-SMAD5-9:1;UGCUGGGAACAGAGACAGCAAGGAUACCCUAGAACUCCUCCUGGUGAACUGUUACAUCAAGCCAGGGCU;0
URS00008C360A_9606 Homo sapiens (human) non-protein coding lnc-USP29-2:1;UAAAGCAGAAGGAGAAGCAGAGACUGUUGUCCUGGGCUAAGAAGAAAGCUGUCAGCAAAGGGAACACCCCUACG;0
URS00008C361D_9606 Homo sapiens (human) non-protein coding lnc-USP17L8-2:1;GAAACAGAAAUCCAUGUAGGGAGAUGUUUAAAUAGCCGACCCUGCUGCCUGCCUCUGGGGCAUCAACCAAGAAUUG;0
URS00008C361E_9606 Homo sapiens long non-coding RNA NONHSAT106911.2;GAGAAUGGGGAUUUAUUAUCCAAUGAGUGCAGUGUUUCUAUUUGUUUUUGUUUUUGUUUGAGACAGGGUCUCGCUCUG;0
URS00009B1CD1_9606 Homo sapiens (human) HSALNT0004500;AGUGCCCAAGAGAUAAGAAUCUUCUAAGCUGGCUGUUGUCCAGACUUGCCAUCCUCAUUGUAGUAAAACACUGGC;0
URS00009B1CDA_9606 Homo sapiens (human) HSALNT0158043;AACCCAGGCAUAAAAAUUCAUUGUGAACUCAUAUUCUACCAUGGCCUGACACUGACUCAAUCACCACAAUUG;0
URS00009B1CE3_9606 Homo sapiens long non-coding RNA NONHSAT205116.1;CCAGCACCCGAACUGCAUCAGGACGCAGCCAGGGAGCUUCAGCCCCCAGCUGCAGGAGACCCCCAAGCCAAAGCAGG;0
URS00009B1CF0_9606 Homo sapiens long non-coding RNA NONHSAT118093.2;UUUUUAGUAGAGACGGGGUUUCACCAUGUUGGUCAGGCUGGUCUCGAACUCCUGACCUCGUAAUCUGCCCUCC;0
URS00009B1D07_9606 Homo sapiens long non-coding RNA NONHSAT108864.2;CUGAAGUCUGCCAGUGUGCUGAGGGGAAGUGCCCUCGCCAGCGUCGCGCCCUGGAGCGGGGUCUGCAGGACGAGGAUG;0
URS00009B1D0C_9606 Homo sapiens (human) HSALNT0045711;AUACUGCCUGUGCUGCCUCUUCCCCUUUCUUCCUGCCUUGAAUGUUGGCAUGAUGUCCAGAGCAGAAACCCGGAUAGU;0
URS00009B1D19_9606 Homo sapiens long non-coding RNA NONHSAT173323.1;UGGAAAGGAGGAGCAUCUGCGAAGCACAGCCUGAACCAUGAAGCCUCCCCAGGCAUCAAGUCACCCAGGGGGCUGU;0
URS00009B1D1D_9606 Homo sapiens (human) HSALNT0103902;CUGCUCUUCCCUCCUCGUCCCGGGCCUCACCUGCACCCAGCGCCAGAGACGCUGCAGGGGACAGCGCUGGACC;0
URS00009B1D31_9606 Homo sapiens (human) non-protein coding lnc-NFYA-1:6;UUUCUUAACUUUCCACCUUUGCCAGCUGCUACCCAGUAUCAUUAAAAUAUUAACAUUUAGCCUUGCUCAAUGGACCUGU;0
URS00009B1D39_9606 Homo sapiens long non-coding RNA NONHSAT117033.2;AAGGUGGCCCAGCAGCUGGAGCAGGAGCUGCAGCAGACCCAGGAGUCCCUGGCUAGCUUGGGGCUGCAGCUGGAGG;0
URS00009B1D56_9606 Homo sapiens (human) non-protein coding lnc-TP53TG3F-31:1;GAUAAAGUGCUCUCGAAUGCAUUGCACAGACUCAGUUGCCAUGACGAUUUUGUGAAAAGUAACAUGUUUGG;0
URS00009B1D6B_9606 Homo sapiens (human) HSALNT0067475;UGUAGGCGCCUCGGCGGCCACCGCGUCCCCAGGGGGCCUCGCGGACGGGGGCGCGGGGCUGCGGGGAGGAGGCGGG;0
URS00009C0166_9606 Homo sapiens (human) HSALNT0242352;GGAGGCACCUGACCUCCAAGGGUUACAGGGUUACAUCUCUUUUUUUUUUUUUUUUUUUUGAGAUGGAGUUUCAUUC;0
URS00009C5F7C_9606 Homo sapiens (human) HSALNT0246811;AGAAGGAAUAGCAAAAUGGAGACAGCAGCAGAAGAUAGAGAGAGGUGGACGAGAGAAAACCCUCAAGAUAAAGA;0
three_prime_utr|ENST00000699705|NLRP1|5501813_5500031_-_17;GGGUCCGGCAGGGAGGGUCGGCGCCCUGGCCCGGGGUGGGCCGGAGCCCUGUGAUGCUGCAUCGCCCCCAGGAGGAG;0
three_prime_utr|ENST00000699807|NLRP1|5521005_5520881_-_17;UGACCCCACUUUAUAUGGGCUGUCGUUACACUGUGUCUGGGUCUGGUUCAGGGAUGCUGGAAAUACUCCCCAAG;0
three_prime_utr|ENST00000699706|NLRP1|5500112_5500031_-_17;GAGGAGCCAGCUGUGCCCCAGAGUUGGCGCGGCCGAGAGAGGACAAGAGCGCGCAGCAGGCGAAGCUGGAGGGCGGG;0
three_prime_utr|ENST00000559995|INO80|41016215_41016088_-_15;ACUCGGCUCAAGUCUCAAGGGCAUAGGGUCCUUAUCUACUCCCAGAUGACCAGGAUGAUAGACCUACUGGAG;0
five_prime_utr|ENST00000648947|INO80|41116280_41115973_-_15;ACCCCCCCCUCCGGACCCCGCCCGCACCCCGCCCCCCCUCCGCCGCCGUCGCGGCGGCGGGGCCAGGCGGCCCGAG;0
five_prime_utr|ENST00000437575|HP1BP3|20780540_20780350_-_1;UGGCGACUGAUACGUCUCAAGGUGAACUCGUCCAUCCUAAGGCACUCCCACUUAUAGUAGGAGCUCAGCUGAUC;0
three_prime_utr|ENST00000368916|GABPB2|151118257_151118671_+_1;UUUUUUUUUUUAAAUAACUGACUUUCUCACAAAAGAUUUUAAGAUAACAUUUCUAAUAUAUAUGCACCAAUA;0
three_prime_utr|ENST00000424522|HAUS5|35618569_35618699_+_19;CAAGUCUUGACCCAGCGCCUCCAGGGCCUGGUGGAGGAGGUGGAGAGACGCGUCCUGGGAUCCAGUGAGAG;0
three_prime_utr|ENST00000396912|RBAK|5065602_5069487_+_7;CUCAGAGGCUAUGAGCUCUGAAUAAAUCUUCAUUGUAUAAAAUGAAGUUUUUAAAUUGUCAGGAGUUGAUCAUGA;0
URS0000008A99_9606 Homo sapiens (human) microRNA hsa-mir-143 precursor;GCGCAGCGCCCUGUCUCCCAGCCUGAGGUGCAGUGCUGCAUCUCUGGUCAGUUGGGAGUCUGAGAUGAAGCA;0
URS0000031E12_9606 Homo sapiens let-7c stem-loop (hsa-let-7c);GCAUCCGGGUUGAGGUAGUAGGUUGUAUGGUUUAGAGUUACACCCUGGGAGUUAACUGUACAACCUUCUA;0
URS00000600E6_9606 Homo sapiens (human) microRNA hsa-mir-106b precursor;CCUGCCGGGGCUAAAGUGCUGACAGUGCAGAUAGUGGUCCUCUCCGUGCUACCGCACUGUGGGUACUUGCUGCU;0
URS0000060B2B_9606 Homo sapiens (human) microRNA hsa-mir-217 precursor;AGUAUAAUUAUUACAUAGUUUUUGAUGUCGCAGAUACUGCAUCAGGAACUGAUUGGAUAAGAAUCAGUCACCAUCA;0
URS000006DA05_9606 Homo sapiens (human) microRNA hsa-mir-876 precursor;UGAAGUGCUGUGGAUUUCUUUGUGAAUCACCAUAUCUAAGCUAAUGUGGUGGUGGUUUACAAAGUAAUUCAUA;0
URS00000A7BEB_9606 Homo sapiens (human) microRNA hsa-mir-135a precursor (hsa-mir-135a-2);AGAUAAAUUCACUCUAGUGCUUUAUGGCUUUUUAUUCCUAUGUGAUAGUAAUAAAGUCUCAUGUAGGGAUGGAAGC;0
URS00000AF93C_9606 Homo sapiens (human) microRNA hsa-mir-21 precursor;UGUCGGGUAGCUUAUCAGACUGAUGUUGACUGUUGAAUCUCAUGGCAACACCAGUCGAUGGGCUGUCUGACA;0
URS00000C85B2_9606 Homo sapiens (human) microRNA hsa-mir-25 precursor;GGCCAGUGUUGAGAGGCGGAGACUUGGGCAAUUGCUGGACGCUGCCCUGGGCAUUGCACUUGUCUCGGUCUGACAGU;0
URS00000CBE63_9606 Homo sapiens (human) microRNA hsa-mir-33a precursor;CUGUGGUGCAUUGUAGUUGCAUUGCAUGUUCUGGUGGUACCCAUGCAAUGUUUCCACAGUGCAUCACAG;0
COD_NC_002640.1-;UGGAAAAUGUCAUGUGGAAGCAAAUAACCAACGAGCUAAACUAUGUUCUCUGGGAAGGAGGACAUGACCUCACUGUAG;0
COD_NC_002640.1-;UCUUAUUGAAGUGAAAACAUGUCUGUGGCCCAAGACCCACACACUGUGGAGCAAUGGAGUGCUGGAAAGCCAGAUGCUC;0
COD_NC_002640.1-;UGGCUGUGGGUUUGGUUAGUCUCUUAGGAAGCGCUCUUUUAAAGAAUGAUGUCCCUUUAGCUGGCCCAAUGGUGGCAG;0
COD_NC_002640.1-;UGCCAAUCCGUUAUCAGACCCCAGCUGUGAAAUCAGAACACACAGGAAGAGAGAUUGUAGACCUCAUGUGUCAUGCAAC;0
3UTR_NC_002640.1-;UUACCAACAACAAACACCAAAGGCUAUUGAAGUCAGGCCACUUGUGCCACGGUUUGAGCAAACCGUGCUGCCUGU;0
3UTR_NC_002640.1-;AGCUCCGCCAAUAAUGGGAGGCGUAAUAAUCCCCAGGGAGGCCAUGCGCCACGGAAGCUGUACGCGUGGCAU;0
3UTR_NC_002640.1-;AUUGGACUAGCGGUUAGAGGAGACCCCUCCCAUCACUGAUAAAACGCAGCAAAAGGGGGCCCGAAGCCAGGAGGAAG;0
3UTR_NC_002640.1-;ACGCUGGGAAAGACCAGAGAUCCUGCUGUCUCUGCAACAUCAAUCCAGGCACAGAGCGCCGCAAGAUGGAUUG;0
3UTR_JF915894.1-;AAACUUUUGGUAAUGAUUGUAAAUAGUAGCAUUUAUUGUAAAUAGUGUAAAUAAAUAAAUUUAAAGAGGGAGUCAGGC;0
3UTR_JF915894.1-;GACGUAAGUCGCCACCGGAUGCUGAGUAGACGGUGCUGCCUGCGCCUCAGCCCCAGGAGGACUGGGUUAAC;0
3UTR_JF915894.1-;AAGGUAGGAAAGCCCUCAAAACCGUCUCGGAAGAAGGUCCCUGCUUACUGGAGGUUGGAAGACCGUGUCAGGCC;0
3UTR_JF915894.1-;GGCCCAAACCUUAUCCAGGAUGCAAUGGAUGAGGCGUAAGGACUAGAGGUUAGAGGAGACCCCGUGGAAAAGAAA;0
COD_NC_JF915894.1-;AAAGAAGAACUUUCUGGAGUUAAUCAGAACAGCCGACCUCCCCGUAUGGCUAGCUUACAAAGUGGCUUCAAAU;0
COD_NC_JF915894.1-;CACCGAUAGGAGAUGGUGUUUUGAUGGACCUCGGACGAAUGCUAUCUUAGAAGACAGCACUGAAGUGGAGAUAA;0
COD_NC_JF915894.1-;AGAUGGUUGGACGCACGGGUGUACGCAGAUCACCAGGCUUUGAAAUGGUUUAAGGACUUUGCAGCAGGAAAGAG;0
COD_NC_JF915894.1-;AGAACACUUCAUGGGGAAAACCCGUGAAGCUCUUGAUACAAUGUAUCUGGUUGCCACGGCAGAAAAAGGGGGGAA;0
COD_NC_JF915894.1-;CGGACAACCAGUUGGCCGUGUUUCUGAUCUGCGUCCUCACCGUAGUGGGAAUUGUGGCUGCUAAUGAGUACGG;0
COD_NC_JF915894.1-;AGCAAAGCUUCGAUGGAUGGUGGAGAAAGGGUUUGUCUCACCUGUUGGAAAGGUUGUGGACCUUGGCUGUGG;0
3UTR_KX051560.1-;GCACCAAUCUUAGUGUUGUCAGGCCUGCUAGUCAGCCACAGCUUGGGGAAAGCUGUGCAGCCUGUGACCCCCC;0
3UTR_KX051560.1-;GAAGCUGGGAAACCAAGCCCAUAGUCAGGCCGAGAACGCCAUGGCACGGAAGAAGCCAUGCUGCCUGUGAGC;0
3UTR_KX051560.1-;CGACCUUCCCCACCCUUCAAUCUGGGGCCUGAACUGGAGAUCAGCUGUGGAUCUCCAGAAGAGGGACUAGUGGUUAG;0
3UTR_KX051560.1-;GGGAAAGACCAGAGACUCCAUGAGUUUCCACCACGCUGGCCGCCAGGCACAGAUCGCCGARUAGCGGCGGCCG;0
COD_KX051560.1-;CCAACUGGUUGCAGAGCAACGGAUGGGAUAGGCUCAAACGAAUGGCAGUCAGUGGAGAUGAUUGCGUUGUGAA;0
COD_KX051560.1-;AUAGGUUUGCACAUGCCCUCAGGUUCUUGAAUGAUAUGGGAAAAGUUAGGAAGGACACACAAGAGUGGAAACCCUCAA;0
COD_KX051560.1-;AAACGGCCACGAGUCUGUACCAAAGAAGAGUUCAUCAACAAGGUUCGUAGCAAUGCAGCAUUAGGGGCAAUAU;0
three_prime_utr|ENST00000527934|SORL1|121629564_121629684_+_11;AAGAGCUUUCCUCACUAGAAACCAAAUGGUGUAAAUAUUUUAUUUGAUAAAGAUAGUUGAUGGUUUAUUUUAAAAGA;0
three_prime_utr|ENST00000679309|PITRM1|3163885_3163725_-_10;GGUGACCCACUGUGCAUCCCGGAGCUUACAUGGGAGCAGCUUAAGCAGUUUCAUGCCACUCACUAUCACCCAAGCAAUG;0
three_prime_utr|ENST00000371694|AGPAT2|136673751_136673143_-_9;GCCCUCUGCUCAGCCGCCUGGGACCCACCAGGGUGCAGCUGGGCUCCAGGGUCCAGCCCACAAGCUGCAUCAGGCU;0
five_prime_utr|ENST00000302350|CDKN2AIP|183444635_183444797_+_4;CUGGGCGCUGUUGUUUGGUCUUUAGGCCUGCGGAGGGGCGUUAUCUGGAGGGCCGCGGGUGCAGGCCGCAGUGACAG;0
three_prime_utr|ENST00000634363|SNRNP48|7602623_7602744_+_6;AAUUUAAAAUAUACUGUCAUGUUGUGUUUUGUAAAUCAACUGAAUUGAGGUACUAUUUACUUAGAUUUAUUGCAC;0
five_prime_utr|ENST00000397176|PRKCQ|6580301_6580211_-_10;GCCAGCCCCGCCAGUCCCCGCGCAGUCCCCGCGCAGUCCCCGCGCAGUCCCAGCGCCACCGGGCAGCAGCGGCGCCGUG;0
five_prime_utr|ENST00000514652|C4orf17|99512989_99513081_+_4;AGCACAUCUGGAAGUGAGGUCAAUCAAGUUAGACCCCAAAAACUUUUGUGACAACAGUGAAGAGGGGAAAAUAAAC;0
three_prime_utr|ENST00000326581|C4orf17|99542110_99542303_+_4;UUUUUGGUAUUGAGGAAUCAAGUGGUCCUCUUUAUGGUGGCACAUGUAAAUCUAAAAAUACCUGUAUGUAAUGCUACAA;0
three_prime_utr|ENST00000608443|FKBP8|18532168_18531763_-_19;CAGCCCAGCCAGCAGGAGGGACUGAGGCCCUCUAGGAGGAAAGCCCAGAGGGAGGGGGCCCUCAUUCCUUCAGACCC;0
three_prime_utr|ENST00000222307|KXD1|18568632_18569378_+_19;AGGGGGACAAGGCUCUCUCCCGAGGGGUGUGGAAUUCCUGGGGGGGUCUUUAAUUCUGGCUCCUUCCUUCCUCAGAACA;0
five_prime_utr|ENST00000657123|SCN3B|123655244_123655108_-_11;GUCCUCUUGGGCCCCCCUCCCCUUGCGCUGACAUUUGGAUCACCUCACUGAGUGAUGAGGUGAAGACAGGAACAG;0
five_prime_utr|ENST00000530277|SCN3B|123654607_123654226_-_11;ACGGGCGGCCCCGGCGGCUUCGGGAGUGGGGUCACGCCCAGCUGGAGAAGCAGUUAGGGCGGACGAAGCAGGAGC;0
three_prime_utr|ENST00000591545|SMARCA4|11030972_11032666_+_19;CUACUGCCAAAGUGGUUUCACUCCUACGCUGGGGUGUGAAUGUACCCUGCCCUUCCCUGCAGCGUGAGGGCAG;0
five_prime_utr|ENST00000426532|LTF|46459819_46459731_-_3;GACUGUGUCUGGCUGGCCGUAGGAGGAGUGUUCAGUGGUGCGCCGUAUCCCAACCCGAGGCCACAAAAUGCUUCCAAUGG;0
three_prime_utr|ENST00000418762|LYPD6|149464178_149464475_+_2;CAUUGACCUGGUUGGGAGGAAGAUCAGGAAGAUUUCACAGAAUUUAUCACAUUUGGAUUGAGCCUUGAAGAAUAUCAGG;0
five_prime_utr|ENST00000397311|JARID2|15452006_15452175_+_6;UCCAGUAAAGAUAGUGGAGCCAUUGCUACCCCCUCCAGCUACUCAGAUAUCAGACCUCUCUAAAAGGAAGCCUAA;0
five_prime_utr|ENST00000624700|CDKL5|18442228_18442423_+_X;GUGGUUUCACACUAUCUUUUCAGCAAGCCACAUUGGAUUUCACGCAUUUACUGACUCUUCUACCCGUUCUUUUUGGUGU;0
five_prime_utr|ENST00000290705|MT1A|56638666_56638738_+_16;ACCAAGCCUUCCACGUGCGCCUUAUAGCCUCUCAACUUCUUGCUUGGGAUCUCCAACCUCACCGCGGCUCGAA;0
five_prime_utr|ENST00000396741|CYTH3|6272644_6272508_-_7;UCCCUCCGGCGGCGUCCCCAGCCCGCGGCCCCUCUGCUGCCGGCCCCCGGCUCGCCGGCUGCGGGAGUG;0
five_prime_utr|ENST00000421822|HJV|146020338_146020232_-_1;CCAAAUUUCUUUUUUCAGUCACUUACAGGGCUUCCGGUCAAAAUUCACUAGGUAGGAGGGUCAUCAGC;0
three_prime_utr|ENST00000636675|HJV|146018076_146017547_-_1;GGUUGAAAUUAUCACAGAAUAAGGAUUCUGGGCAAGGUUACUGCAUUCCGGAUCUCUGUGGGGCUCUUC;0
five_prime_utr|ENST00000527509|IRAG1|10690369_10690265_-_11;ACAGGGUCUCGCACUGUCACCCAGGCUGGAGUGCAGUGGUGCAACCCCACCUCCCGGGUUCAAGCAAUUC;0
five_prime_utr|ENST00000288513|SVOPL|138663152_138663088_-_7;CUUGCAGAUGGUGUUUUUUGGCUACAUGGUUUUCAGUAUCCUCUUUGGCCUCCUGGCUGACAGAU;0
three_prime_utr|ENST00000599479|TMEM38A|16688944_16689006_+_19;GAUCUUCCCACUGCACUCCAGCCUGGCCAAUAAGACCUGUCUCCAGCAAGACCCUGUCUCAAA;0
three_prime_utr|ENST00000356427|ATF7IP2|10482250_10483637_+_16;CACUUGCCACCAUGCCCGGCUAAUUUAUUUUUAGUAGAGAUGAGGUUUCACCUUGUUGGUCAGGCUGGUCUCAAACU;0
five_prime_utr|ENST00000396560|ATF7IP2|10428868_10429016_+_16;GAAUCCUGCUUUUUUUUUUUCUUUGAGACACGGUCUCACUCUGUCACCCUUGCUGGAGUGCAGUGGUGCAAUCAC;0
five_prime_utr|ENST00000346248|CHST15|124092454_124092324_-_10;GUCCCCUCCCUGCGCCCCGCCGCGUCUCGGGAGGCGGCGUGACUCGGGAGUUGCCGGCGCUUCCCGGCGGUGGCGG;0
three_prime_utr|ENST00000674163|N4BP2L2|32518003_32517360_-_13;CUCCUCCUCCACAGGGGAGACAGAGGUGGGGAGGCUCUCUUGGCUCACAUAAUCGUGUCUGUGUCACAAAU;0
three_prime_utr|ENST00000399138|ALKBH5|18208397_18209954_+_17;UAAAAGCAACAAAAUGUUUUGGUUAAGAAAAUUAUUUUGCUUUCAGUGUAAAUCUUCGCAGUGUUCUAAACAA;0
five_prime_utr|ENST00000334209|MPPED1|43424908_43424985_+_22;UCUGUUUCCAGGUCUGGCGGGGGGCCGGGCUGCGGUGGCGGCAGCGGUGGGAGAUGCCGGGGCGGCCGG;0
three_prime_utr|ENST00000319234|SHISA3|42401452_42402487_+_4;ACUUUUAUUCAAAAUAUGCAGCAGUUUGACUUUAAAGUUGCAAACUGGCUAAAAACGUUUUACUGGACAUUCAGC;0
five_prime_utr|ENST00000217926|H2BW1|104013708_104013577_-_X;GUGACACUUCAUCCAAUCAGACGUGAAGCUGGCCCGAGACGUGGAGCCAUGCUGCGUACCGAAGUG;0
three_prime_utr|ENST00000283285|CD96|111649807_111652241_+_3;AAUACUUUGCACAGGAACCACAUUUUCAAUCCUCCUUCACUGUCUUCCUACCAUGUUCAGCCCAGAC;0
three_prime_utr|ENST00000612565|ENSG00000278384|53482_51867_-_GL000218.1;AGUGCUGGGAUUACAGGCGUGAGCCACUGCGCCUGGCCGGAUUUCUUUUUAAGAGAUUCAUCAUACCU;0
five_prime_utr|ENST00000617590|STK3|98825671_98825541_-_8;CGGUGCCCCGGCUCCUUUCCUCCUUUCGGCCUUCGCCGUCCACCAGGUCCCUCUCUCUGUCCCCGGCCGC;0
five_prime_utr|ENST00000392848|DLK1|100725705_100725833_+_14;GGGUCUCUGGCAAUCAGCAUCCUCUACCUCCACCUCUCCAGCGGGCGACCCCUCAGAGAAGGUCUCCCA;0
three_prime_utr|ENST00000511820|CEP192|13124771_13124995_+_18;UUUUGUUUUUACAAGCUAAUACUGAAGACUCGACUGAAAUAUUAUGUAUCUAGCCCAUAGUAUUGUACUUAACUU;0
five_prime_utr|ENST00000315087|ST8SIA5|46757053_46756509_-_18;GGGGAAAUCGGCGGCUACCCGGCACCGGCGCCUGGAGGUAAAGGUACCCGGGGGUGGGGAAGGCCCCUGGCC;0
three_prime_utr|ENST00000536490|ST8SIA5|46680041_46679883_-_18;AACUGGGAGCCCCGAACCGGGCAGCGUGGGGUCCUGGCGUUCAGGCUGUCUCUCCCUCCAUUGUUCAGCUCU;0
three_prime_utr|ENST00000559448|NIPA1|22820313_22820473_+_15;CCUGCUAAGCUGUGCAGGCUCCGUCGUGCUGAUUAUCCACUCCCCAAAGUCUGAGAGUGUGACAACUCAGGC;0
three_prime_utr|ENST00000545777|CABP4|67456141_67456218_+_11;CAGAGCCGUGGCUGGCCCUGGGGACAUCCUGGACUCUCCCCCUGCAGGACCGCGAACUGGGCCCCGAG;0
five_prime_utr|ENST00000673691|MAPK8IP3|1706183_1706339_+_16;AGUGACGGGCGCAGCCUCGGCAGCGGCGGCGGCGGAGCCCUGAGGCGACAGCAGCUGCGGGAGGCGACGGG;0
three_prime_utr|ENST00000354753|GPSM1|136358221_136359605_+_9;AAGCCCUUCCCGUUCUGCCCUGCCCUGCCAAAUGUGAAACCCUGCUGUCUCCCCCACCCUCCCCAAAGGU;0
five_prime_utr|ENST00000470370|RHEB|151518069_151517891_-_7;UUAUUGGCAGCCUGAAUCCAUGCUCUUGUCUCUGUUCUCUUGAUUUCCUCCUCUGCAUUUUGAGGAGUUG;0
five_prime_utr|ENST00000611337|DHRS11|36594974_36595060_+_17;CUGGCUGCUGAAUGUAAGAGUGCAGGCUACCCCGGGACUUUGAUCCCCUACAGAUGUGACCUAUCAAAU;0
three_prime_utr|ENST00000523461|DGLUCY|91224684_91225331_+_14;UAACUUUUAUUCCUAAGACUCUAAAGGCGUUGAUUUCAACCCUCCUUCACUCUGGCUUCUUCAGGCAACCCAC;0
three_prime_utr|ENST00000409214|GTDC1|143947051_143945754_-_2;GCUUGUCAUAGCUGACACAGAGCCAUCUGCCACAAACCUGUGGCGGCUUCAGAUCUCCAAUCCCUGCCACC;0
five_prime_utr|ENST00000483388|ZNF362|33256545_33256654_+_1;AGAGCCGGAGCCCGAGCCCGGAGCCUGUGCCGGAGCCCCAGCCCGGCCCUGCUCGGGCCGCCGGGC;0
three_prime_utr|ENST00000496770|FNDC5|32864609_32864449_-_1;GACUUGGCUGCUGCCUGUGUGACACAGGGACACUGCAAGUUGAUUUUGGAUCCUCUCCUUUUGCAGGGUGCCA;0
five_prime_utr|ENST00000315948|LYSMD3|90529584_90529448_-_5;UGAACUUACCCGGGACAGCGGCGGCGGCGGACCUUUUGGCCAUCUUCUCGCAGAGUGCUCCCUGCUAACG;0
five_prime_utr|ENST00000280333|DOCK1|126905409_126905517_+_10;CUCCGCCGCAAACUUUUUCCUCCCCAUCCUGUCGCGGCUCGAAAGGAAUGGAAAAUGGCGGCCUAGACGCGG;0
three_prime_utr|ENST00000258385|CHRND|232535313_232536664_+_2;GUCCCUGCCCCCCAGCACCUACUCCUCUCCAAAUUAGGGUUGUCAUGCAUUAUUUGGGGCAUACAUAUUCUA;0
three_prime_utr|ENST00000350526|PAX3|222201923_222201713_-_2;GGCAAGAUUAAGCCACACAUGCCGGUAUCAAUUUUUUUUUUUUUUUGCAAAGCCAGCUGACUGUUCCAGCAGGGG;0
three_prime_utr|ENST00000566658|SNAPC5|66494552_66494228_-_15;AGGGGGAAAGCCAGGCUGGUCAGUUAUACAAAUUGCAUUUCUAAGGCUCAGGCUACUUCUCCUCAAGGAAA;0
three_prime_utr|ENST00000561010|GABPB1|50278784_50278542_-_15;CAGCAGCUCCUAAAGAAAGAACAGGAAGCAGAGGCCUACAGACAGAAGUUGGAAGCUAUGACUCGUCU;0
five_prime_utr|ENST00000471196|ZNF148|125331238_125331158_-_3;GAUAGAGGGAGGAAUCAGCAGCUUGGAAAUUCAAGCACGUGAUCUGGCGGGAUGGGCGUUUGCCUAACGUA;0
five_prime_utr|ENST00000579565|MSL1|40123285_40123380_+_17;AUCCUUCUGCUGCAAUUGGACCUCAUCGAACAGCAGCAGCAGCAGCUGCAGGCCAAGGAAAAGGAGAUC;0
three_prime_utr|ENST00000380062|IFT74|27062737_27066134_+_9;GGGAGAUUUUUAGCUUUGAAUGUUACUUCUCAAAUAGGUUAUAUUUGAUGUGUAUUAGACCAUAUAAUGUCACAG;0
three_prime_utr|ENST00000689650|SAA1|18269338_18269967_+_11;UUGCCUGCCUUGAUUACAGCGAUGCCAGAGAGAAUAUCCAGAGAUUCUUUGGCCAUGGUGCGGAGGACUCGCUG;0
three_prime_utr|ENST00000439676|WAC|28611774_28611922_+_10;AUGUUUCUCCAAGAAUAAGCACACCUCAAACUAACACAGUCCCUAUCAAACCUUUGAUCAGUACUCCUCCUG;0
five_prime_utr|ENST00000597061|ZNF773|57499957_57500080_+_19;GGUGGCGGCGCCCAGGGUGGCCCGGGCCCUUUCCUCGGUCGUUGUCUCACCGCCACAGGCUCCG;0
five_prime_utr|ENST00000515629|SLC38A9|55672695_55672620_-_5;GCCUUUCUGUAUAGAGCCCACAAACAUCGUGAAUGUGAAUCAUGUCAUUCAGAGGGUUAGUGACCAUGC;0
three_prime_utr|ENST00000377067|GPC5|92866440_92867237_+_13;GACACACUUUAAAAAUAUGUCUUUUUUCAAUCUAACUGAAAACCUUCUUAACUUCUAAUAUAUUAAAUCUGAA;0
five_prime_utr|ENST00000537517|WASHC2C|45727236_45727317_+_10;UUGGCUGGGGCUAGGCUUCCGGGGCUCUGCGGUCCUCGGCCUGUGCUGGCAGCCUCGGAGCCCACCG;0
three_prime_utr|ENST00000545682|TMEM134|67464696_67464353_-_11;AAACCCCAGCCCCUAGGGAGUUUGCUCAGGAAGUUCGGGGCAUGCAGGCCUGGCCCUGGGAAAGCCGCCCGU;0
URS0000000055_9606 Homo sapiens (human) ZNF451 regulatory antisense RNA 1;GCUCACAUGCUUCUUUGCUCAUGCACAACCUAGACAAAACUAUGUAACCAACUCCUGUGUACAGUUUCACGGAAUUG;0
URS00000000C9_9606 Homo sapiens (human) MEF2C antisense RNA 1;AGGCAAUAAAGCCACUGUGCUGGCCCCUAAUCAAGGUCAGUACAUAUCAUUAUACGACUGAUCCAAAUUUGA;0
URS00000000FD_9606 Homo sapiens (human) long intergenic non-protein coding RNA 1937;GAGGGCCUCAGGCACGUGCGUGUGGACACCACAUUCCCAUCCACUAGAAUGGCAAACAUUACAAAGACUGUU;0
URS00000005D1_9606 Homo sapiens (human) novel transcript;UGAAAAGUGGUAGCAAGCAAGACUAAAAUUUUAACAUAUACAGCAAUAACACUGACAUCUGUCUGUCUUA;0
URS0000000AA1_9606 Homo sapiens (human) CCL3 antisense RNA 1;CCCAAGAGAAGCCUUGGACAUCUCUCAUAAGACAUCCAAGGGACAGAGCUCCUGGGAGACCUAGAGUGAGCUGG;0
URS0000000EF6_9606 Homo sapiens (human) ADAM7 antisense RNA 2;UGCACAUCUCAGGAAAAUCACAUUCAUCUUUCGCCGGUCUGCAUAUGGACCCUGCUUUUUUUAUCUGUUGAGG;0
URS0000000F07_9606 Homo sapiens (human) novel transcript;GGGGCACUCUAACCUUGCAAGAAAGAGGCUGCCAGUCUUGCAUCAGAUGCAGAAACCAGGGCGCAGAGUA;0
URS0000000F66_9606 Homo sapiens (human) THAP9 antisense RNA 1;CAAGCCUGAAAAUGCGAAGCAGAGAGGCAGGACCAAAAUUGAGGCGAAUCCAGGAACCUGCCAAUG;0
URS0000001175_9606 Homo sapiens (human) family with sequence similarity 99 member B;UGGUUUUCAGGGAUGGAGAAGGCUCCCUGUCCUCCGCUGGAACCCUGCAGCCGGGCUGACGAGACCCCA;0
URS00000012EC_9606 Homo sapiens (human) tRNA-Ile;AGAAAUAUGUCUGAUAAAAGAGUUACUUUGAUAGAGUAAAUAAUAGGAGCUUAGACCCCCUUAUUUCU;0
URS0000001346_9606 Homo sapiens (human) tRNA-Lys;AAGCCCGGCUAGCUCAGUCGAUAGAGCAUGAGACUCUUAAUCUCAGGGUCGUGGGUUCGAGCCGCACGUUGGG;0
URS0000001417_9606 Homo sapiens (human) novel transcript, antisense to FXYD2;UUGGAGUGGGGUGUCACAAGGACUUGGUGCUGAGUUGGCUCCUCUGUGAUCUCCUGCGGCACACACUCCA;0
URS0000001648_9606 Homo sapiens (human) non-protein coding HDHD5-AS1:24;GGCCUCCCUCAGCUUCGCGGACUGUCUGGGCCGGGGGUCUCAACCUUGACUUCAGGGCCGGGCCGCUGGGGC;0
URS00000019A0_9606 Homo sapiens (human) long intergenic non-protein coding RNA 1588;AGUUGGCAAACGUGAAUCUACUAGAAGAUUGACAUGGAGAUCGACAACAGGAUGGUGGACCUCAUGGCC;0
URS0000001A7A_9606 Homo sapiens (human) microRNA hsa-mir-625 precursor;AGGGUAGAGGGAUGAGGGGGAAAGUUCUAUAGUCCUGUAAUUAGAUCUCAGGACUAUAGAACUUUCCCCC;0
URS0000001E80_9606 Homo sapiens (human) CXXC5 antisense RNA 1 (CXXC5-AS1);CAGCGGGGGCGAGGAGCCGGAGGAAAAAUGCAGAAGUAGCCGCCGCUUCUUCCAAGUGGUGGGGGAGG;0
URS0000001EB1_9606 Homo sapiens (human) novel transcript;UGCACUACCCCCAAUAUUGUGCAUGUGAGGUUGAUGGUUAACAGCCUCCUGUGUUAAUCAACUA;0
URS0000001EB3_9606 Homo sapiens (human) microRNA hsa-mir-31 precursor;GGAGAGGAGGCAAGAUGCUGGCAUAGCUGUUGAACUGGGAACCUGCUAUGCCAACAUAUUGCCAU;0
URS0000002F79_9606 Homo sapiens (human) partial 12S ribosomal RNA;AGCAAUGCAGCUCAAAACGCUUAGCCUAGCCACACCCCCACGGGAAACAGCAGUGAUUAACCUUUAGCAA;0
URS00000030C0_9606 Homo sapiens (human) novel transcript;GUUGCUGUAAUGAAAAUGGCUUUACUCUGGAUUUUCUGAACGCAAAAUUCUGGAUGAUUUAAUUAAAUAUGAA;0
URS00004676A5_9606 Homo sapiens (human) novel transcript;CCUCAGACCUCCAAGACGUCGAGUGUGGAGGACACCCUGGAGGAGGAGAUGGAACCCUCCUGUUUGCUG;0
URS0000467AB5_9606 Homo sapiens (human) small nucleolar RNA, C/D box 105 (SNORD105);CCCCUAUCUCUCAUGAUGAACACAUAUGCCUCUGAGCUGCUGUGAUUUCUGGCUUCAAAGUAAACGCUC;0
URS0000468B02_9606 Homo sapiens (human) tRNA-Cys (anticodon GCA) 19-1 (TRC-GCA19-1);GGGGGUAUAGCUCAGGGGUAGAGCAUUUGACUGCAAAUCAAGAGGUCCCUGAUUCAAAUCCAGGUGCCCCCU;0
URS00004691C6_9606 Homo sapiens (human) novel transcript;CAGGAAAAAAUCCCACCAAUUUGAAGAUGCCACCUAGGAAACAGAAAUUCUACGAGUGGGAAUUUUUUC;0
URS0000469345_9606 Homo sapiens (human) tRNA-pseudo Likely pseudogene;GAAAGAAAGAAAGAAAGAUACAAGAACAAUACACAGUUUUUGAAACUGACUUUUUCCCUGAGGAUGAA;0
URS0000469413_9606 Homo sapiens (human) novel transcript, antisense to COCH;UGAUGUAAAGUUUUUCAAGUAAAAUUCUAUUUUGGGAUGUUCACUGAGUGGAAGAAAGAAAAUGUUAU;0
URS0000469481_9606 Homo sapiens (human) long intergenic non-protein coding RNA 159;CCCAGUUGUGUCUCUGGGUGUGUAAGCCCAGCAGCAGGCAGUGUGUCAUCGCUGUGUCAGUUCUAUGG;0
URS00004694F6_9606 Homo sapiens (human) novel transcript, antisense to GPR65;UGGAAUGCUGACUAUAAUCACAAAGAUGUAAACAAUGGGAAACAAAUAGUGAUCCAGGUCAUGCUGUUCUUCAA;0
URS0000469834_9606 Homo sapiens (human) long intergenic non-protein coding RNA 2358 (LINC02358);UAUCAGAUUAAACAACAGCAUUACUUUCAGAGGGCCACCAAGAAAAAAUUGCCUGGGAGAAGAGUAAGGAG;0
URS0000469D1B_9606 Homo sapiens (human) PRKCZ divergent transcript;CCUGCGGCGCGCGCUGCCAGCCCGAGGGCCCCGCCGUCCAGGGGUCCCCUGACAUCUCACACUUGCGGACUGAAG;0
URS000046A00C_9606 Homo sapiens (human) novel transcript;CAGCGGUCUCUUUGUUAGUAUCCAUGAUUGAAGGCAUAUUGCUUCAGUUCUCAAAGCAUGGCCAGAAGAUGUCAUC;0
URS000046AA00_9606 Homo sapiens (human) novel transcript;UACCAAGACUCUAUGGGUGUUUCUUUAUGACAAUGCAAAAUGGACUAACAGAGGUGAUCACAUUGAUAGGAGGG;0
URS000046B4E1_9606 Homo sapiens (human) novel transcript;CCAUCCUCUGCCACUUCUGAAACAAGCAGGUCUUCAGGCAGUCUCGGGGACUGAGGUUGUAAGUUUUAUGUCUCGA;0
>URS000046C090_9606 Homo sapiens (human) 16S ribosomal RNA;AUCAACCAACAAGUCAUUAUUACCCUCACUGUCAACCCAACACAGGCAUGCUCAUAAGGAAAGGUUAAAAAAAG;0
URS000046C2B0_9606 Homo sapiens (human) long intergenic non-protein coding RNA 2424;GGCAGAGGUGGGAAAAAAUAGAAAAAAGAAAACGAAAAGAGCAAAUACAUUCUUCCUUCCUAUCUUCCACUUGC;0
URS000046C302_9606 Homo sapiens (human) non-protein coding lnc-CDY1B-1:1;CACACAACAUGGCCUUCAGCAAUGCUGAUUCAGGCUUUGUGGAUGCCCAGCUGGUGCUGACCCACAAGGACCUCCUG;0
URS000046C31B_9606 Homo sapiens (human) SNCA antisense RNA 1;AACCAAGAGAGCGGGCAGACAGAUUUUAUGUGAGAGAAAAGUUGGAUGCUCACGCUCCAUGGAGCAUCCUCGCG;0
URS000046C421_9606 Homo sapiens (human) novel transcript;CAUGGCACAGAGGAAGGAUGGGGCACCUGGAUUCAAAAUCUGCUUACACCAUCCACGGAGCCUGGGAUGUUGAAGAA;0
URS000046C4FB_9606 Homo sapiens (human) novel transcript, antisense to TAF6L;AGACCCCGGCGUGGCGAAGGCUGCUACCGAGACGACGGCGGCGGGGGCGGUGGCGGCGGCGCCCACUCACGAGCU;0
URS000046C71E_9606 Homo sapiens (human) maternally expressed 8, small nucleolar RNA host gene;GUCAGAAGCCUUAUGGUUGCCACAGGGUAUUAGGAGCAUGGAGACCAAUAAUGGAUGUCCUUGUUCUGAUUUGAGGAUG;0
URS000046C8F5_9606 Homo sapiens (human) novel transcript;UGAUUCUGUGGUGAUGCGGACUUUGUGCCUCUCUGUGAGGAAUCACUUUGUUCCAAUGACGCAAUUUUCCUCACAC;0
URS000046CC27_9606 Homo sapiens (human) EVX1 antisense RNA;GAGUGUGAAAACAGACAGAGAGACACACACACUGAGAGAGGGAGACACCCAGGCAGAGGGGAUGCAAAUGGAAUUCCG;0
URS000046D0B3_9606 Homo sapiens (human) novel transcript;AUGUGGUUGUAAAAAAGUGCCUUGUAAAUUCUAAAGCACUAGAGAGUGAAUACAUCUCCAGGAUGAGGCCACCCAUUUU;0
URS000046D4BB_9606 Homo sapiens (human) novel transcript, sense overlapping DBNL;UCACGAGGCGCCAGGCUAGGAGGCGGCCCUCAGCAGGCAGAGGAGGAGAGCCAGAGGAGCUGGUGCAGACCA;0
URS000046D6B5_9606 Homo sapiens (human) novel transcript, antisense to PAK4;UAUAUUCCCUGAAGAAACGCAGGCACCGGCACCCCAGGAGAUGCUACAAAGAGAUGGCUCGCAUCAGCGCAGCA;0
URS000046DA76_9606 Homo sapiens (human) novel transcript;AUCUGAAGACCCAGCAAAGCCCAGCUCUGCCAGCAGCUUGCCAGGACCUGAGAAAGCCCCUCUCUCCCCGGGCCUC;0
URS000046DA82_9606 Homo sapiens (human) FAM170B antisense RNA 1;UGUGUGGAGGAAGACACCACGGUGCUCUACUGAGCCAUGAAAGUCACGCCUGACCUAAACAGAAGACUACGUCCCC;0
URS000046DBA0_9606 Homo sapiens (human) novel transcript;AAAUUUUAAAUAGAAUAUGCAAAAUGAUGACCUCAAUAAUAAAAAAUAUUGUGUUUAUUCACAAGAGUUAAAUAAUGUU;0
URS000046DC64_9606 Homo sapiens (human) long intergenic non-protein coding RNA 457;AUUAGUUCUAAGACAAAGAUGGAGACAUCAAUAAGAUUGGGAAAUACUCAGACGUCAGAAGAAUUUGGGUUUGAA;0
URS000046E26A_9606 Homo sapiens (human) ZBTB20 antisense RNA 1;GAGAAUGGAAUCUCCUGGACCAUUGUCUCUUGCCUUCUUUGCAGAAUUUUACAUUUGUUCUGUCAGAAAAAUAACAAUAA;0
URS000046E633_9606 Homo sapiens (human) novel transcript;CCCAAUCACCAGUACAAGCCACCCGUAUCAGUGUACACUGUGGCUGACCGAUCCAUAGUGAUGCUUUGAGCAC;0
URS000046E6AB_9606 Homo sapiens (human) MMP20 antisense RNA 1;AACAAAAAGAAUCUUUGAAACUUCCCUUCAACUGGUCAUCCUCUUCCCUUUUUCUCUCCUUUAAACACUGUUCC;0
URS000046E9EF_9606 Homo sapiens (human) novel transcript, sense intronic to TSPAN3;GUUAGAAUCACUUCUCUAAAGCAUGCUGAUUUUGAGAUUGCUAAAAUUAGAAACUGUACCAGAAUUUACAUGACACU;0
URS000046EA28_9606 Homo sapiens (human) novel transcript;CAGUUGGGUGAUUUUAUUCUCUAAAAUAUGCACUCAGGACCAGGCGAGGUGGCUCACACCUGUAAUCCCAGCACUUUA;0
URS000046EACE_9606 Homo sapiens (human) long intergenic non-protein coding RNA 668;AGGGCUGGGGGGCCGGGGUGUUUCCAGUGAAGCCAGUUGGCAUCCUGGCCGCUCUCUCCGAGUGGAAGGCAGAG;0
URS000046EC64_9606 Homo sapiens (human) CCDC144NL antisense RNA 1;AGAGAAGGGUGUCCCAGAUGUAGGCAAAGCGUCCUCCAUGUGUUCCUGGAGGACCGUCCCAAGUCCUUCUCCAUUCUCC;0
URS000046F13D_9606 Homo sapiens (human) PDC antisense RNA 1;ACAGAACUCUUUCUUGAUUUCUCUUUUGCCUUUACCUUUGGUCUCAACACUUGGACUGGUCCUGUAAUUUUGUUUCUCU;0
URS000046F2A0_9606 Homo sapiens (human) novel transcript;AGGCCAAAAGCUCUUAAGACCAAAACGGUCUUUCAGGGCGCGGUUGCACGGUAGCACCCCCAUUUCCCAA;0
URS000046F499_9606 Homo sapiens (human) RABGAP1L intronic transcript 1 (RABGAP1L-IT1);AAUUGUGAAUGGGAGUUCACUCAUGAUUUGGCUCUCUGUUUGUCUGUUAUUGGUGUAUAAGAAUGCUUGUG;0
URS000046F728_9606 Homo sapiens (human) 16S ribosomal RNA;AGAAUCUUAGUUCAACUUUAAAUUUGCCCACAGAACCCUCUAAAUCCCCUUGUAAAUUUAACUGUUAGUCCA;0
URS000046F768_9606 Homo sapiens (human) SHANK2 antisense RNA 2 (SHANK2-AS2);UUUCCCUUCCCAGCUAGAAAGACUCAUCCAUCAGGCUGUGUCAGACGCACCUGAGCCCUCCAGGGUGGUCAAAG;0
URS000046F8C7_9606 Homo sapiens (human) novel transcript, antisense to PPP2R1A;AGCAUUAUUUUCUACUUACUAUGUAGUCUAGGGUUCCUCCUGUUUCUCUGCCACCUAGAGAUCAAUUCAUUU;0
URS000046FCC1_9606 Homo sapiens (human) long intergenic non-protein coding RNA 2640;UUAUGACCCAAAGUAACAGAGCUGAGUGGCUCCAUGCAGAAGUCUGUGUUCAACAUCUGUCAUGCUGGAGA;0
URS000046FF14_9606 Homo sapiens (human) novel transcript;AAACGACCAAGUACAAACCCUUCUCUGAGCCGUUGUGCCAGCACCUCCAACGCUCUUCCCAACGCUGACC;0
URS000046FF90_9606 Homo sapiens (human) 16S ribosomal RNA;GAAUGGCUCCACGAGGGUUCAGCUGUCUCUUACUUUUAACCAGUGAAAUUGACCUGCCCGUGAAGAGGCG;0
URS000226AAED_9606 Homo sapiens (human) PREDICTED lncRNA (TCONS_00251286);ACCCUCCGAGCCAGUUCCCGAGAGAUCCCAUGAUCCAGAGACAAAGGUGGCAGCUUUGGAGCAAGUGGAGA;0
URS000226AC54_9606 Homo sapiens (human) PREDICTED lncRNA (TCONS_00044577);CUCAAAAAAAACAGAAGCUUCAAACAAACAACCAACCAAAAAAAAAAAAAAACUGUGGGUUCAUCAGAGGUGGUAG;0
URS000226AC63_9606 Homo sapiens (human) PREDICTED lncRNA (TCONS_00262995);GGGUGUUUAAGGCAUUUCCAAAGCUCUGUUAUUAAAAACACGAUGCAAUGAGUUUCUUUCAGCAUUUCCCCUUGUU;0
URS000251DFDB_9606 Homo sapiens (human) non-coding RNA;CAUCAUGAAUCCUAUGCUCAAGUGAGAUCAGCUCAAGUGAGACCAGAUAUCUGAAGACCUUUUCAUUUUCG;0
URS000251E009_9606 Homo sapiens (human) ncRNA;UGCAAUACGGAAAUUUUAAUAGCUGACGUGAAAAGGGGUUGUCUCCAUAAAGGAUGCGGGCCUUCAGGGGCAGCAU;0
URS000251E00E_9606 Homo sapiens (human) ncRNA;GAGUCACUUGCACCAGGGGCAGUGCCCCACCUGCUCCCAGAGCCCGGAAAAGUGCUACUCUCACCUGUUUCUU;0
URS000251E041_9606 Homo sapiens (human) non-coding RNA;GGAGCUUGCUGGCAGCAGCGCCUGUUUCCCACCCGGCUGGCCGCAGACCUGGCGCUCAGUGUGGCUCCCGCU;0
URS000251E060_9606 Homo sapiens (human) ncRNA;GGAGAUUUCUGGGGCUUUGGAGGGAAUCGUGAGCGGGCGGGAGGAGGCCGGGGACCACACAGAGAAUAACUUGUCU;0
URS000251E0D1_9606 Homo sapiens (human) ncRNA;ACCCAGUCUAUGGUAACUUGCUAUAGCAGCCCACUAGGAGACCCCAAGAUAUUUAAAAACUCAUCAGCACCUGCUUUC;0
URS000251E0D3_9606 Homo sapiens (human) non-coding RNA;CUAGGUCCGUGAAGAGGAAGGUGGGAAGGGCUGGGCAGUGAGCUUCUUCAGAGCUGAGGUUCUUCUCUGCCACC;0
URS000251E107_9606 Homo sapiens (human) ncRNA;CCUUAAGCUAGUCUAACCCUGAACAUUUCAUCAUUUCAUUGACAUGAGCCCAGGUUUUCUUUUUUUUU;0
URS000251E110_9606 Homo sapiens (human) non-coding RNA;CUCACGCCUGUAAUCCCGGCACUUUGGAAGGCCGAGGCCAGUGGAUCACCUGAGAUGGACUCAACGACUCUCUU;0
URS000251E116_9606 Homo sapiens (human) ncRNA;AAGUCAUACAUUCUUUGGCUAGUAAUCUUGGGUUACUCACUCAUGAGAGGCCAAGCUUUAUCUAGGAAGUUC;0
URS0002554626_9606 Homo sapiens (human) ncRNA;CUGAGUGCAGCAAGAGGGGAGCCGGGCUGGAGAGUGGGGAGCACGGAGACUGUGGCCUGGAUGGUGCCA;0
URS000255465F_9606 Homo sapiens (human) non-coding RNA;CCAAAAGUCGUGCCGCCAUCCGUGAUCUCUAAGACAGGUCGGCCUGCGUGCCCCUGGGCUGCUCUCUCAUCCG;0
URS0002554680_9606 Homo sapiens (human) non-coding RNA;GAAAUCCAAGAUGGCGCCUCUGAAGAGCCUCUGGCUUUAUCAUCAUCCUGUUCUCAUGCUAAACAACAUG;0
URS00025546A4_9606 Homo sapiens (human) non-coding RNA;GGACAGAGAGAAAUGCCGAGGAAUAGGGGCGCGGCCGCCCGGUUUCGGCGAUGGGUUAUAGGGUCCGCG;0
URS00025546B4_9606 Homo sapiens (human) ncRNA;CUCUCCUGGCAUCUGGACCCUUGGUGCUAUCGACGAAGCUUGGCUGGCGCUCUUAGCUGCUAUGUGCAAGACG;0
URS00025546DC_9606 Homo sapiens (human) ncRNA;GGCACCUGCAGGAAACAAGCUCCUACUUCCAGAAAAAGUGCUCCUGGGACUCCAGGAUACCAGGCAUCUG;0
URS0002584BFB_9606 Homo sapiens (human) ncRNA;AAGACUGCCAUCCCUUGAGUCACUUGCCCUGUAGCUGCCACUGUUGGAAAAGGGCUUGCUUCUGUGUCCUUGUGC;0
URS0002584BFD_9606 Homo sapiens (human) non-coding RNA;AGACUUGAACUAGUGGUUAAAUCCCAACAUGUCCCAGAGAAGUCAAAAGCAUUGUAAAAUCUGGGAAUCUG;0
URS0002584C22_9606 Homo sapiens (human) non-coding RNA;GGGCUGUGAGCUUUGUCUGGGGCCUGUGGGAGAGAGCUUGGCUUGAGCUCUCCUGGCUCUCUCCACAAAGAGUC;0
URS0002584C41_9606 Homo sapiens (human) non-coding RNA;GUUCAUGAGUGCUGCUGCUGUCCUGCCCAAGUACCCAGCUUGCAGAGUGCCAGAGUUAGAGUCCCAGGGGUGU;0
URS0002584C63_9606 Homo sapiens (human) ncRNA;GGAGACUGCCACACAAAGAACUCUAAAAAUUUUGAUUUUCAGCAAACCUUCAGAAGGCAAAAGGGAAAG;0
URS0002584CA7_9606 Homo sapiens (human) ncRNA;ACAACACAUAGCUCAGAGAAAAAAAAAAAAAGAGUGUUGCAAGACCAGAUAUAGGAUAUCAUUUGAUUUG;0
URS0002584CAD_9606 Homo sapiens (human) 28S ribosomal RNA;GGCGGGUGCGGGGGGUGGGCGGGCGGGGCCGGGGGUGGGGUCGGCGGGGGACCGUCCCCCGACCGGCGA;0
URS0002584CBB_9606 Homo sapiens (human) ncRNA;AUCCAAAGGAAUGGACCAUAGCACAGCCCUGUUUUCUUUAGACGCUGACUCCUGCUGUCUACCAGAUC;0
URS0002584D9D_9606 Homo sapiens (human) non-coding RNA;AAAUUACUGUUAUUUUGCUUUAAAAAAUGUGAUGUCUAAGAGUGUCUGCAAUGUUCUAAUGCUUCAAAA;0
URS0002584DD0_9606 Homo sapiens (human) ncRNA;AACAGCUUUGUUUCUAUUAGCAAAAAACUGGAAACAACUGAAAUGCUCUUCACCGUGGGCACAUAUAAAC;0
URS0002584E0E_9606 Homo sapiens (human) ncRNA;UUUUGACAAAGGUAUACACCUGUGUAACCAUUGCCACAAUCAGGAUGUAGAACAUUUUCAUCGUUCUAAAAUGUUC;0
URS0002584E2D_9606 Homo sapiens (human) ncRNA;AGCAAACAGUAGCAGCAGCAUGCACCAAAAGAGAAUGGAAAGUGAAAAGAACACAACAGAUCAUUUUA;0
URS0002584E3C_9606 Homo sapiens (human) non-coding RNA;ACCAAGGAUAACUUUCAAAUGUAUGCUUAAGCAACUGGAUGGAUAAUGAUGCCAUUGAGUGAGUGAAAAAC;0
URS0002584E49_9606 Homo sapiens (human) non-coding RNA;GAACACAAAAAAAGACGGCGGUACUCUUUCCCCUUUCCUUGCUUUCUCCUGCUACCAAAACAAACAACAAAAACUACA;0
URS0002584E9A_9606 Homo sapiens (human) ncRNA;CGCUGCACACUUAGUGCGGGCCCGGAGCUGCCGGUGCAGAAGGGGGUUUCUGAGUUGGAGGGAUGCAGGUGCG;0
three_prime_utr|ENST00000428042|CATSPERE|244640082_244640360_+_1;AUAUUGUUAUUAAAUUAAUCCUUUGUUUGCCUUCAUUUUAAAGAUACUCUAUGUACUCUCACAUGGCAUGAAAA;0
three_prime_utr|ENST00000311417|ZMAT3|179025016_179017223_-_3;UUCUUUUAAAGAAAGAAGUUAGAUUUAUAGUGUUAUUUCUUACUUGCUAUAUUUCUUUGCACUAAAAAAGAGCU;0
three_prime_utr|ENST00000517558|TNFRSF10C|23115538_23115616_+_8;CCAGAGACACAGUGUGUCAGUGUAAAGAAGGCACCUUCCGGAAUGAAAACUCCCCAGAGAUGUGCCGGAAGUGUAGCAG;0
three_prime_utr|ENST00000356864|TNFRSF10C|23117032_23117445_+_8;AAACGCCUGCCCCUGCCCCAAGUCCUGGUGUCUCCAGCCUGGCUCUAUCUUCCUCCUUGUGAUCGUCCCAUCC;0
three_prime_utr|ENST00000616623|CRY2|45880914_45883248_+_11;CAGUUCUGGCUGUUGUCCAAAGCAUGGGAUUCUGGAGGCAGCCAGAGCCCUGCUGAGUUCCUGCUUUCUGACCUGGAGG;0
five_prime_utr|ENST00000568126|IQCK|19717695_19718306_+_16;GAUGUGGGUGGACCGCAUUUCCCCAUCUUCCCCGCCGCGCACUUCCUCUGGUGCAAUCUCCACACCCCGC;0
five_prime_utr|ENST00000474809|TIA1|70248658_70248431_-_2;CCCGCUGGGCCGGGCGGUUUAGUGUAAUUGCCGCCGGAGGAGGAGGCGGAGUAACCUCUGGUCAGCCGAGAA;0
three_prime_utr|ENST00000474809|TIA1|70224629_70224554_-_2;AGAUGCCCGAGUGGUAAAAGACAUGGCAACAGGAAAGUCUAAGGGAUAUGGCUUUGUCUCCUUUUUCAACAAAUGG;0
five_prime_utr|ENST00000451279|PCYOX1|70259360_70259478_+_2;CGAUUAUUGGAGCCGGAAUUGGUGGCACUUCAGCAGCCUAUUACCUGCGGCAGAAAUUUGGGAAAGAUGUGAAG;0
three_prime_utr|ENST00000236412|PPP1R8|27850447_27851528_+_1;AUAUGACCAGUUGGGGUAAUUCAAAUUAAAAAGGAAAAGAUUUGUUUGGAAGUAACUGGUGUCUCUAAGAGGAAU;0
five_prime_utr|ENST00000505926|PDE8B|77210959_77211264_+_5;GUGUCGCAGGGCCCGGCGGCACCCCUGCCCGGCCUCUUCGUCCAGACCGACGCCGCCGACGCCAUCCCCCCGAG;0
five_prime_utr|ENST00000503963|PDE8B|77331346_77331459_+_5;UGUGAGGAAUCCUGGUUUGUAUCUGCUGAGUGACCACAUUUUCUGCUUUGCUGCAGAUCGGAUGACCAUGAAG;0
three_prime_utr|ENST00000396081|HERPUD2|35633689_35632659_-_7;GUCUCAGAAAAAAAAAAAAAAGAGCUGCUUCACAUAUAAAUGUCUAUAGCUAGUAGCCUGGCCCUUUAAUGUU;0
three_prime_utr|ENST00000434438|HIP1|75538171_75534088_-_7;UUCCACUGCUUCUUAUGGUGGUUGGUUGGGUUUUUUGGUUUUGUUUUUUUUUUUAAGUUUCACUCACAUAGCCAA;0
five_prime_utr|ENST00000440806|STX12|27773235_27773307_+_1;GCCUGCGGGUCCCGGCUGGCGGCUGCUUCCGGUAGGAGAGCGGUGUAGAGCGAGCAGGUCUCAGCUCCUCGUC;0
three_prime_utr|ENST00000649046|LRP2|169128662_169127109_-_2;CUAUACCAGCUAUUUAGGGAAUAAUUAGAAACACACUUUUGCACAUAUAUUUUUUACAAACAGAUGAAAAAAGUU;0
three_prime_utr|ENST00000650252|LRP2|169128830_169127829_-_2;CUUCUGUGUGUUGGCAUUGUCUAACCAGAACUCUCUGUUUCAUGUGUGUUCUCUCACUAGCUGCCAAGACAACAUUU;0
three_prime_utr|ENST00000402029|MRPS12|38932701_38933020_+_19;CGGCUGGGGGCACAGUGGGCUGGGCGCCCCUGCAGAACAUGAACCUUCCGCUCCUGGCUGCCACAGGGUCCUCC;0
three_prime_utr|ENST00000586539|ABCA8|68868084_68867289_-_17;UAAACAAAUUUUGUUUAAAUUUUUUUAAUAAAAAUCUUAAAACACUUUUUUUCUAACCUAGACUGAGAAAUUCAUGUUU;0
five_prime_utr|ENST00000448552|CHTF8|69132588_69132484_-_16;AGUCGGAAGUGCGCAGGCAGUGCUCGCGGCGGCGGCGACGGCGGCGGGAGGUUCGGUUGUCGCCCGUUGGCCGCGCGGCG;0
three_prime_utr|ENST00000285093|ACAA2|49783846_49782164_-_18;AGAGACCAGUGAGCUCACUGUGACCCAUCCUUACUCUACUUGGCCAGGCCACAGUAAAACAAGUGACCUUCAGAGC;0
five_prime_utr|ENST00000576947|WSCD1|6084783_6085011_+_17;UCCUGAACAUUCUCGCCUCUGUCGGGGAGUUAGAAAAGCUGUUCAUUCUGCGUCCAGAUAAAAGAGCUCGCCUCC;0
five_prime_utr|ENST00000552457|C12orf75|105330674_105330891_+_12;AGCCUCCCGCUCGGGGUGCGCCGCCCUUCGUCUGGGUCUCCGCCCCCAGGACCCGCGGCCGAGAGCUCCGGAGCGCGG;0
three_prime_utr|ENST00000677587|CTSF|66563932_66563464_-_11;GAAGAAAAUUUUCUGAUCUUAAGCCCAGCUCUGUUCUGCCCCCGCUUUCCUCUGUUUGAUACUAUAAAUUUUCUG;0
three_prime_utr|ENST00000646700|POLR1C|43554962_43556107_+_6;AUGGUUUUACCCUAAUUUAAAACAAAUUUAAAAUGUGUCAUCUGCUUUCUUUGUGUCAGCCAAUGAAAACGCUCCCUCU;0
three_prime_utr|ENST00000690940|FAM8A1|17608340_17611719_+_6;AAUCUUAAUAUUUCAUGAUUAACUCUAAGUACUAUUAAUUAAUAGCUUGCGAAAUAUUAGCAAUUUUCCCAUUAUGGAC;0
three_prime_utr|ENST00000541562|VARS2|30926211_30926413_+_6;UCAGCUGUCAGGGUGCAGUGGGACGUCAGAGACUAUGUGGUCCAUCGCCUUCAUUGUGUAAAUGAGGACACAGA;0
five_prime_utr|ENST00000642557|SMIM1|3773063_3773181_+_1;GCUCGAGGCGUCUGCCGCACCUCAGCCCACGACCUGCCCCGCUGGGAGGUGCGGGCCGCUGGCCAGGCCCUG;0
three_prime_utr|ENST00000686229|TAF8|42079776_42080854_+_6;AAGGGCUGCUAUUUCUGCUGUUGAGAUUUCAGAGGCUAUACUCUUUUUUUUUCUUUUCUUUUUUUUUUUUUUUUGA;0
five_prime_utr|ENST00000360121|SPN|29663219_29663316_+_16;CCUUUCCCCUUGGGGCCCUGUCCUUCCCAGUCUUGCCCCAGCCUCGGGAGGUGGUGGAGUGACCUGGCCCCAG;0
three_prime_utr|ENST00000504061|ENSG00000288258|155061991_155061622_-_X;AAAAAGUCAGCUACAAAAGUUAAUGAAUAUGCCAUCUAUGCAGAACAGGCAGAAAUAUAAACACAUUAAAA;0
three_prime_utr|ENST00000359933|ATG2B|96285754_96279195_-_14;CUGUGUUUAUGUGUAUGUGUUUUUAGAUUAAUUCAAGUUGUGUGCUAUAUUUCUUGUAUAAUUUACAAAGUUACACAA;0
five_prime_utr|ENST00000369564|AP4B1|113904793_113904718_-_1;GCUCCCACAUCAGGACGAGAAGGAGCCCUCGAGUUACCGUGGGAGCUGUGGGAGCUGCCCUGUGACUCUUAGGAAG;0
three_prime_utr|ENST00000420878|ZSCAN30|35253449_35251068_-_18;ACUCUCUCUGCUAAUUUUUAUUUUGGCAGUUUUAAUUAACCCACAAUUGCUGAGGGCAAUUAAUACCUAAAAGA;0
five_prime_utr|ENST00000371962|AMOT|112822536_112822431_-_X;UCCCCUCUCCCCACCACAACCCAAUGACCUCUACAAGAAUCCCACAAGUUCCAGUGAAUUCUACAAGGCCCAAGGG;0
five_prime_utr|ENST00000417833|TGFBR3|91866842_91866756_-_1;CUCUGCAGCUCUCCUCCCUCCUGUAAUGCUUCCUCUGCCUGCAGUGUCAUUCAUCACCUGACUUUUAAAAUCUUCG;0
five_prime_utr|ENST00000445237|HDAC7|47813484_47813373_-_12;AUUCCAAGGAGCCUAGCUCUGGCUCCUGAGGUGACCCCAGCCCAGAAGUCCCAUUCCCCUCUACCCCAACCCCCAGA;0
three_prime_utr|ENST00000251020|SALL1|51137111_51135982_-_16;AAAGGUUUGGUUUUUUAAUUUUUAUUCUAAAAUUCAACCUUUUUUUUUGUCGAUUUAACCAUUUCCAUUUUGAACUGC;0
three_prime_utr|ENST00000490716|SUPT20H|37023030_37022011_-_13;UCAGAGCUCAACUCCUAGUACCCCUUCAGCCACCCCUACUCCCCAAGAUUCAGGCUUCACCCCUCAGCCCACU;0
three_prime_utr|ENST00000302182|UBB|16382598_16382740_+_17;GCCCCAACUUAAGUUUAGAAAUUACAAGUUUCAGUAAUAGCUGAACCUGUUCAAAAUGUUAAUAAAGGUUU;0
three_prime_utr|ENST00000395705|CTBP2|124993985_124993855_-_10;UUAGCACAAGCCCUCAAGGAGGGCAGGAUACGAGGGGCAGCCCUCGACGUGCAUGAGUCAGAGCCCUUCAG;0
five_prime_utr|ENST00000674237|TBC1D30|64759484_64759649_+_12;CGGAGAACCGGAGAAAAGGGCGGAGAACCGGAGAAAAGGGCGGAGAACCGGAGAAAAGGGCGGAGAACCGGGAA;0
three_prime_utr|ENST00000379141|LRIG3|58872571_58872149_-_12;ACGUAAAUUAAUGAUAUAAAUCAUGAUUAUUUUAUGUAUUUUUAUAAUGCCAGAUUUCUUUUUAUGGAAAAUGA;0
three_prime_utr|ENST00000541875|ALG10|34025863_34027029_+_12;CAUUUUCCUCAACUAUUCUACUUUUUUUCAUUUACUCUCUUUUUUUCCUUUCCUCAUCUCCUGUCUCCUAGCAAAAUUA;0
